NAME	# MATCHING PROBE SETS	MATCHING PROBE SET(S)	
ITSN2	1	Q9NZM3	
SCOC	1	Q9UIL1	
NUP107	1	P57740	
TFRC	1	P02786	
ITSN1	1	Q15811	
ALKBH2	1	Q6NS38	
CAPNS1	1	P04632	
SCP2	1	P22307	
CAPNS2	1	Q96L46	
DPYSL2	1	Q16555	
DPYSL3	1	Q14195	
FAM110B	1	Q8TC76	
EPSTI1	1	Q96J88	
CKMT1B	1	P12532	
ANKFY1	1	Q9P2R3	
IGHV3-7	1	P01780	
PRKACA	1	P17612	
PRKACB	1	P22694	
GSTK1	1	Q9Y2Q3	
PRKAB2	1	O43741	
SAP30BP	1	Q9UHR5	
SDS	1	P20132	
CXADR	1	P78310	
FNBP1	1	Q96RU3	
LARS2	1	Q15031	
SCO1	1	O75880	
MTHFD1	1	P11586	
SCO2	1	O43819	
EWSR1	1	Q01844	
TFR2	1	Q9UP52	
ZC3H11A	1	O75152	
LARS1	1	Q9P2J5	
PLBD2	1	Q8NHP8	
OPTN	1	Q96CV9	
SF1	1	Q15637	
SET	1	Q01105	
SAR1A	1	Q9NR31	
SHMT2	1	P34897	
SAR1B	1	Q9Y6B6	
SHMT1	1	P34896	
ZC3HAV1	1	Q7Z2W4	
PRPSAP1	1	Q14558	
PRPSAP2	1	O60256	
LARP1	1	Q6PKG0	
RDH11	1	Q8TC12	
AGMO	1	Q6ZNB7	
RDH10	1	Q8IZV5	
RDH16	1	O75452	
SFN	1	P31947	
RDH14	1	Q9HBH5	
LTA4H	1	P09960	
RDH13	1	Q8NBN7	
GSTM3	1	P21266	
PRPF38B	1	Q5VTL8	
GSTM1	1	P09488	
HLA-DRB4	1	P13762	
PRPF38A	1	Q8NAV1	
JUP	1	P14923	
EIF2AK2	1	P19525	
LARP7	1	Q4G0J3	
IGHV3-15	1	A0A0B4J1V0	
LARP4	1	Q71RC2	
MOV10	1	Q9HCE1	
PPFIBP1	1	Q86W92	
PPFIBP2	1	Q8ND30	
AGO1	1	Q9UL18	
FXYD1	1	O00168	
AGO2	1	Q9UKV8	
NMT1	1	P30419	
SFXN3	1	Q9BWM7	
SFXN4	1	Q6P4A7	
STRN	1	O43815	
SFXN1	1	Q9H9B4	
HYOU1	1	Q9Y4L1	
SFXN2	1	Q96NB2	
HLA-DRB3	1	P79483	
DZIP1	1	Q86YF9	
LGMN	1	Q99538	
DPYS	1	Q14117	
PRKAG1	1	P54619	
SNX12	1	Q9UMY4	
NHSL1	1	Q5SYE7	
NEFM	1	P07197	
DUSP3	1	P51452	
GSTO1	1	P78417	
BGN	1	P21810	
TEX15	1	Q9BXT5	
SDHAF2	1	Q9NX18	
PTRH2	1	Q9Y3E5	
AGPS	1	O00116	
DPYD	1	Q12882	
RAPGEF2	1	Q9Y4G8	
CRYAB	1	P02511	
PAFAH1B3	1	Q15102	
PAFAH1B2	1	P68402	
PAFAH1B1	1	P43034	
TRUB1	1	Q8WWH5	
APCS	1	P02743	
ECHS1	1	P30084	
GSTP1	1	P09211	
SYNPO2	1	Q9UMS6	
SNX32	1	Q86XE0	
SNX30	1	Q5VWJ9	
RIDA	1	P52758	
SNX27	1	Q96L92	
AGR2	1	O95994	
STX5	1	Q13190	
STX4	1	Q12846	
RICTOR	1	Q6R327	
BID	1	P55957	
ATAD1	1	Q8NBU5	
EGLN1	1	Q9GZT9	
PKLR	1	P30613	
ATAD2	1	Q6PL18	
BBOX1	1	O75936	
KIAA2013	1	Q8IYS2	
ARCN1	1	P48444	
TARBP1	1	Q13395	
SNX18	1	Q96RF0	
MYBBP1A	1	Q9BQG0	
SNX17	1	Q15036	
APEX1	1	P27695	
CCDC6	1	Q16204	
PKN1	1	Q16512	
CIAPIN1	1	Q6FI81	
AGRN	1	O00468	
MTCH1	1	Q9NZJ7	
ALDH1L1	1	O75891	
MTCH2	1	Q9Y6C9	
PDCD6	1	O75340	
PDCD5	1	O14737	
GOLIM4	1	O00461	
MSI2	1	Q96DH6	
IL1RAP	1	Q9NPH3	
APEH	1	P13798	
FBXO22	1	Q8NEZ5	
FADS2	1	O95864	
EFEMP2	1	O95967	
EFEMP1	1	Q12805	
SLK	1	Q9H2G2	
FNTA	1	P49354	
UROD	1	P06132	
POFUT1	1	Q9H488	
FNTB	1	P49356	
TOM1	1	O60784	
PCYT2	1	Q99447	
STX8	1	Q9UNK0	
STX7	1	O15400	
UGT2B15	1	P54855	
MSH6	1	P52701	
MINPP1	1	Q9UNW1	
MSH2	1	P43246	
SMO	1	Q99835	
LGSN	1	Q5TDP6	
SMS	1	P52788	
SRSF2	1	Q01130	
PKP2	1	Q99959	
SRSF3	1	P84103	
SRSF4	1	Q08170	
PKP4	1	Q99569	
SRSF5	1	Q13243	
SRSF6	1	Q13247	
SRSF7	1	Q16629	
AJUBA	1	Q96IF1	
ARL8A	1	Q96BM9	
SRSF9	1	Q13242	
ARL8B	1	Q9NVJ2	
BLM	1	P54132	
UQCRB	1	P14927	
KMT2A	1	Q03164	
IREB2	1	P48200	
GSTT1	1	P30711	
UAP1	1	Q16222	
RAP1A	1	P62834	
AMDHD1	1	Q96NU7	
AMDHD2	1	Q9Y303	
KIAA1522	1	Q9P206	
AP4S1	1	Q9Y587	
KDSR	1	Q06136	
CERT1	1	Q9Y5P4	
NEK9	1	Q8TD19	
NOP14	1	P78316	
SDF2L1	1	Q9HCN8	
API5	1	Q9BZZ5	
FBXO38	1	Q6PIJ6	
NEK7	1	Q8TDX7	
DRAP1	1	Q14919	
SON	1	P18583	
SH3BP5L	1	Q7L8J4	
UQCRQ	1	O14949	
ADSS1	1	Q8N142	
ADSS2	1	P30520	
CLPTM1L	1	Q96KA5	
NOP10	1	Q9NPE3	
ALAS1	1	P13196	
DYSF	1	O75923	
APIP	1	Q96GX9	
PPWD1	1	Q96BP3	
ETFA	1	P13804	
ETFB	1	P38117	
NENF	1	Q9UMX5	
SPR	1	P35270	
PTER	1	Q96BW5	
BCAS2	1	O75934	
MBL2	1	P11226	
UNC45A	1	Q9H3U1	
IGHV3-74	1	A0A0B4J1X5	
RNASET2	1	O00584	
VPS13C	1	Q709C8	
DHPS	1	P49366	
RABGGTB	1	P53611	
ARFGAP3	1	Q9NP61	
RABGGTA	1	Q92696	
ARFGAP1	1	Q8N6T3	
ARFGAP2	1	Q8N6H7	
NEMF	1	O60524	
PCCA	1	P05165	
PCCB	1	P05166	
BPI	1	P17213	
ETF1	1	P62495	
TOP1	1	P11387	
AGXT	1	P21549	
BCAT1	1	P54687	
GAPDH	1	P04406	
DCTPP1	1	Q9H773	
CERS2	1	Q96G23	
TRIM56	1	Q9BRZ2	
PRKAA1	1	Q13131	
CANT1	1	Q8WVQ1	
C1S	1	P09871	
SRC	1	P12931	
SRF	1	P11831	
HM13	1	Q8TCT9	
SRSF1	1	Q07955	
LENG8	1	Q96PV6	
IGHV3-49	1	A0A0A0MS15	
SRI	1	P30626	
SRM	1	P19623	
U2AF2	1	P26368	
UBQLN1	1	Q9UMX0	
TRIM47	1	Q96LD4	
TRIM42	1	Q8IWZ5	
RILP	1	Q96NA2	
UBQLN4	1	Q9NRR5	
UBQLN2	1	Q9UHD9	
NOP56	1	O00567	
NOP58	1	Q9Y2X3	
SSB	1	P05455	
GPKOW	1	Q92917	
TXNL1	1	O43396	
GSTZ1	1	O43708	
NECAP2	1	Q9NVZ3	
UROC1	1	Q96N76	
PDCD4	1	Q53EL6	
OCIAD1	1	Q9NX40	
OCIAD2	1	Q56VL3	
ECI1	1	P42126	
ECI2	1	O75521	
CCP110	1	O43303	
MTFR1L	1	Q9H019	
ICAM1	1	P05362	
C4B	1	P0C0L5	
LGALS4	1	P56470	
C4A	1	P0C0L4	
LGALS3	1	P17931	
LGALS1	1	P09382	
TRIM28	1	Q13263	
ANPEP	1	P15144	
PEG10	1	Q86TG7	
BSG	1	P35613	
TRIM25	1	Q14258	
TRIM26	1	Q12899	
LGALS9	1	O00182	
THSD7A	1	Q9UPZ6	
LGALS8	1	O00214	
BSN	1	Q9UPA5	
TRIM21	1	P19474	
TRIM23	1	P36406	
FBXO2	1	Q9UK22	
ECH1	1	Q13011	
GOLPH3L	1	Q9H4A5	
BCS1L	1	Q9Y276	
GAREM2	1	Q75VX8	
CFDP1	1	Q9UEE9	
SUB1	1	P53999	
C6orf118	1	Q5T5N4	
KCNQ4	1	P56696	
CES2	1	O00748	
CES1	1	P23141	
AARS1	1	P49588	
TMEM63A	1	O94886	
AARS2	1	Q5JTZ9	
SDC4	1	P31431	
DHX8	1	Q14562	
DHX9	1	Q08211	
APOO	1	Q9BUR5	
NKAIN4	1	Q8IVV8	
APOM	1	O95445	
RRAS	1	P10301	
APOH	1	P02749	
NEU1	1	Q99519	
APOD	1	P05090	
APOE	1	P02649	
APOB	1	P04114	
PCK1	1	P35558	
DECR2	1	Q9NUI1	
LYAR	1	Q9NX58	
DECR1	1	Q16698	
PCK2	1	Q16822	
B4GALNT4	1	Q76KP1	
HARS1	1	P12081	
YES1	1	P07947	
SPHKAP	1	Q2M3C7	
HARS2	1	P49590	
PTK2	1	Q05397	
BST2	1	Q10589	
NET1	1	Q7Z628	
BST1	1	Q10588	
FBXL8	1	Q96CD0	
MSRA	1	Q9UJ68	
PTK7	1	Q13308	
NDUFAF7	1	Q7L592	
NDUFAF4	1	Q9P032	
CWF19L1	1	Q69YN2	
NDUFAF2	1	Q8N183	
SDC1	1	P18827	
NDUFAF3	1	Q9BU61	
GRB2	1	P62993	
LDHAL6A	1	Q6ZMR3	
MRPS17	1	Q9Y2R5	
IGHM	1	P01871	
MRPS15	1	P82914	
ECM1	1	Q16610	
MRPS16	1	Q9Y3D3	
HIBADH	1	P31937	
MRPS14	1	O60783	
MRPS10	1	P82664	
GRIK2	1	Q13002	
C8B	1	P07358	
TFB1M	1	Q8WVM0	
C8A	1	P07357	
COX7C	1	P15954	
PTMS	1	P20962	
KHK	1	P50053	
MT-ATP6	1	P00846	
SYNCRIP	1	O60506	
PPP3CA	1	Q08209	
ACTR1A	1	P61163	
C8G	1	P07360	
ACTR1B	1	P42025	
CNTRL	1	Q7Z7A1	
RAC2	1	P15153	
BBS9	1	Q3SYG4	
PHGDH	1	O43175	
RAC1	1	P63000	
GIT1	1	Q9Y2X7	
MRPS28	1	Q9Y2Q9	
MRPS26	1	Q9BYN8	
FCER1G	1	P30273	
PCYT1A	1	P49585	
MRPS27	1	Q92552	
MRPS24	1	Q96EL2	
MRPS25	1	P82663	
MRPS22	1	P82650	
MRPS23	1	Q9Y3D9	
MRPS21	1	P82921	
AGTRAP	1	Q6RW13	
CACYBP	1	Q9HB71	
TFB2M	1	Q9H5Q4	
APRT	1	P07741	
RAP2C	1	Q9Y3L5	
RAP2B	1	P61225	
SLTM	1	Q9NWH9	
TAX1BP3	1	O14907	
ARHGEF1	1	Q92888	
ARHGEF2	1	Q92974	
ARHGEF7	1	Q14155	
PTMA	1	P06454	
ARHGEF6	1	Q15052	
ATPAF1	1	Q5TC12	
DYNC1I2	1	Q13409	
PCNA	1	P12004	
AHCY	1	P23526	
MRPS35	1	P82673	
MRPS36	1	P82909	
MRPS33	1	Q9Y291	
MRPS34	1	P82930	
MRPS31	1	Q92665	
MRPS30	1	Q9NP92	
COX5B	1	P10606	
COX5A	1	P20674	
PTPA	1	Q15257	
PCNP	1	Q8WW12	
SH3BGRL	1	O75368	
PCNT	1	O95613	
FILIP1L	1	Q4L180	
RAE1	1	P78406	
DYNC1H1	1	Q14204	
PEX19	1	P40855	
SPRYD4	1	Q8WW59	
TMEM176B	1	Q3YBM2	
SPRYD7	1	Q5W111	
TMEM176A	1	Q96HP8	
COX6C	1	P09669	
CYP8B1	1	Q9UNU6	
PEX14	1	O75381	
YIF1B	1	Q5BJH7	
SEC23IP	1	Q9Y6Y8	
KLHL7	1	Q8IXQ5	
NDUFAB1	1	O14561	
HDGF	1	P51858	
TACC2	1	O95359	
C6orf132	1	Q5T0Z8	
NUP188	1	Q5SRE5	
PRDM4	1	Q9UKN5	
TACO1	1	Q9BSH4	
INPPL1	1	O15357	
IGF1R	1	P08069	
TXN2	1	Q99757	
DMBT1	1	Q9UGM3	
ENPP1	1	P22413	
FAM3C	1	Q92520	
TGM2	1	P21980	
TMOD1	1	P28289	
MMGT1	1	Q8N4V1	
TMOD3	1	Q9NYL9	
ADAM10	1	O14672	
ACOT13	1	Q9NPJ3	
KMO	1	O15229	
SDHA	1	P31040	
SDHB	1	P21912	
PSPC1	1	Q8WXF1	
DNAJB11	1	Q9UBS4	
PLAA	1	Q9Y263	
CARD16	1	Q5EG05	
NNMT	1	P40261	
TSG101	1	Q99816	
NDUFB10	1	O96000	
UBA7	1	P41226	
PLGRKT	1	Q9HBL7	
UBA6	1	A0AVT1	
NDUFB11	1	Q9NX14	
UBA5	1	Q9GZZ9	
HTRA1	1	Q92743	
HTRA2	1	O43464	
GLYAT	1	Q6IB77	
NUP160	1	Q12769	
PLD3	1	Q8IV08	
CNN3	1	Q15417	
TIMM50	1	Q3ZCQ8	
CNN2	1	Q99439	
CNN1	1	P51911	
GRK2	1	P25098	
GRK6	1	P43250	
LPXN	1	O60711	
TCAF1	1	Q9Y4C2	
NUP155	1	O75694	
CHCHD10	1	Q8WYQ3	
TIMM44	1	O43615	
NUP153	1	P49790	
IGF2R	1	P11717	
AHI1	1	Q8N157	
MKRN1	1	Q9UHC7	
UBA3	1	Q8TBC4	
IFT27	1	Q9BW83	
UBA2	1	Q9UBT2	
UBA1	1	P22314	
TNFAIP8	1	O95379	
TAT	1	P17735	
PLEK	1	P08567	
TNFAIP2	1	Q03169	
PCTP	1	Q9UKL6	
LMNB2	1	Q03252	
LMNB1	1	P20700	
FYCO1	1	Q9BQS8	
CA1	1	P00915	
LASP1	1	Q14847	
CA3	1	P07451	
CA2	1	P00918	
CA8	1	P35219	
GGACT	1	Q9BVM4	
TTC36	1	A6NLP5	
TTC37	1	Q6PGP7	
SUN2	1	Q9UH99	
SUN1	1	O94901	
ATP6AP1	1	Q15904	
NUP133	1	Q8WUM0	
CAD	1	P27708	
SHROOM2	1	Q13796	
TTC38	1	Q5R3I4	
EEF1G	1	P26641	
OXLD1	1	Q5BKU9	
ACOX2	1	Q99424	
EEF1D	1	P29692	
ACOX1	1	Q15067	
CAT	1	P04040	
IFIT1B	1	Q5T764	
ACOX3	1	O15254	
IFT46	1	Q9NQC8	
PLEC	1	Q15149	
RALA	1	P11233	
GALT	1	P07902	
RALB	1	P11234	
SLC3A2	1	P08195	
NT5C2	1	P49902	
PSMB10	1	P40306	
CYTH3	1	O43739	
CAND1	1	Q86VP6	
OXCT1	1	P55809	
POLD1	1	P28340	
POLD2	1	P49005	
BNIP1	1	Q12981	
RALY	1	Q9UKM9	
MTA2	1	O94776	
TIMM8B	1	Q9Y5J9	
TIMM8A	1	O60220	
HSD3B7	1	Q9H2F3	
RRM1	1	P23921	
TTC12	1	Q9H892	
RRM2	1	P31350	
URGCP	1	Q8TCY9	
NIPSNAP3A	1	Q9UFN0	
BNIP3	1	Q12983	
TPBG	1	Q13641	
SUOX	1	P51687	
WARS1	1	P23381	
WARS2	1	Q9UGM6	
GALC	1	P54803	
CCS	1	O14618	
GALE	1	Q14376	
SARDH	1	Q9UL12	
CD9	1	P21926	
ERCC5	1	P28715	
GALM	1	Q96C23	
TEK	1	Q02763	
GPD1L	1	Q8N335	
SLIRP	1	Q9GZT3	
VPS29	1	Q9UBQ0	
TES	1	Q9UGI8	
WIPF1	1	O43516	
RRP1	1	P56182	
SLC4A1	1	P02730	
SMC6	1	Q96SB8	
SMC3	1	Q9UQE7	
SMC4	1	Q9NTJ3	
RRP8	1	O43159	
RRP9	1	O43818	
SMC2	1	O95347	
ALCAM	1	Q13740	
TFG	1	Q92734	
EVA1A	1	Q9H8M9	
WDR91	1	A4D1P6	
NAMPT	1	P43490	
VPS35	1	Q96QK1	
VPS36	1	Q86VN1	
NUP214	1	P35658	
GAMT	1	Q14353	
VPS18	1	Q9P253	
NUP210	1	Q8TEM1	
PRKCD	1	Q05655	
CLEC11A	1	Q9Y240	
AFAP1	1	Q8N556	
PRKCA	1	P17252	
DNAAF5	1	Q86Y56	
ARMC8	1	Q8IUR7	
WDR78	1	Q5VTH9	
HCFC1	1	P51610	
WDR77	1	Q9BQA1	
NUP93	1	Q8N1F7	
ARMC1	1	Q9NVT9	
BCAM	1	P50895	
MTAP	1	Q13126	
WDR82	1	Q6UXN9	
PARD3	1	Q8TEW0	
HMBS	1	P08397	
TARS2	1	Q9BW92	
NUP98	1	P52948	
TARS1	1	P26639	
VPS25	1	Q9BRG1	
CFB	1	P00751	
PI4K2A	1	Q9BTU6	
TPH2	1	Q8IWU9	
LIPT1	1	Q9Y234	
NUP205	1	Q92621	
CFH	1	P08603	
PRKDC	1	P78527	
CFI	1	P05156	
WDR61	1	Q9GZS3	
SDSL	1	Q96GA7	
MTDH	1	Q86UE4	
NCSTN	1	Q92542	
GJC2	1	Q5T442	
WDR70	1	Q9NW82	
BLOC1S1	1	P78537	
NUP85	1	Q9BW27	
BLOC1S3	1	Q6QNY0	
RRS1	1	Q15050	
GAR1	1	Q9NY12	
ZSCAN12	1	O43309	
NUP88	1	Q99567	
ST3GAL1	1	Q11201	
FDFT1	1	P37268	
LHPP	1	Q9H008	
VPS16	1	Q9H269	
BTF3	1	P20290	
APOOL	1	Q6UXV4	
MCAM	1	P43121	
CGN	1	Q9P2M7	
MCAT	1	Q8IVS2	
GJB1	1	P08034	
SETD6	1	Q8TBK2	
SETD7	1	Q8WTS6	
WDR46	1	O15213	
ASGR1	1	P07306	
SMG5	1	Q9UPR3	
WDR44	1	Q5JSH3	
SMG6	1	Q86US8	
IFIH1	1	Q9BYX4	
UBL5	1	Q9BZL1	
MCEE	1	Q96PE7	
ADAMTSL4	1	Q6UY14	
TK2	1	O00142	
ELOB	1	Q15370	
ELOC	1	Q15369	
RRP12	1	Q5JTH9	
WDR36	1	Q8NI36	
TPI1	1	P60174	
EXOC8	1	Q8IYI6	
AHSG	1	P02765	
EXOC7	1	Q9UPT5	
COPZ1	1	P61923	
WDR33	1	Q9C0J8	
GAS2	1	O43903	
EXOC4	1	Q96A65	
PLIN4	1	Q96Q06	
EXOC3	1	O60645	
PLIN3	1	O60664	
EXOC6	1	Q8TAG9	
PLIN2	1	Q99541	
KIFC3	1	Q9BVG8	
TKT	1	P29401	
GART	1	P22102	
EXOC2	1	Q96KP1	
HLA-DQB1	1	P01920	
EXOC1	1	Q9NV70	
WDR26	1	Q9H7D7	
USO1	1	O60763	
PAPSS2	1	O95340	
PAPSS1	1	O43252	
RPS15A	1	P62244	
ERMP1	1	Q7Z2K6	
PPP1R7	1	Q15435	
PPP1R8	1	Q12972	
ASPDH	1	A6ND91	
USP1	1	O94782	
CKB	1	P12277	
APOL2	1	Q9BQE5	
PAIP1	1	Q9H074	
WDR18	1	Q9BV38	
PBDC1	1	Q9BVG4	
WDR19	1	Q8NEZ3	
ELP1	1	O95163	
SYVN1	1	Q86TM6	
ELP3	1	Q9H9T3	
RRP1B	1	Q14684	
WDR12	1	Q9GZL7	
AGMAT	1	Q9BSE5	
WDR11	1	Q9BZH6	
GATM	1	P50440	
NFIA	1	Q12857	
NFIB	1	O00712	
PLP2	1	Q04941	
COQ8A	1	Q8NI60	
POGLUT2	1	Q6UW63	
MRE11	1	P49959	
TPMT	1	P51580	
GTF2B	1	Q00403	
TNC	1	P24821	
PARK7	1	Q99497	
IPO7	1	O95373	
CLU	1	P10909	
LCLAT1	1	Q6UWP7	
FGF3	1	P11487	
IPO4	1	Q8TEX9	
IPO5	1	O00410	
PPP1CB	1	P62140	
EDC4	1	Q6P2E9	
PPP1CC	1	P36873	
NPEPPS	1	P55786	
IPO8	1	O15397	
IPO9	1	Q96P70	
CFL2	1	Q9Y281	
CFL1	1	P23528	
PLS3	1	P13797	
GTF2I	1	P78347	
PLS1	1	Q14651	
USP8	1	P40818	
MAP2K4	1	P45985	
MAP2K1	1	Q02750	
USP7	1	Q93009	
MAP2K2	1	P36507	
USP5	1	P45974	
TPM4	1	P67936	
TPM3	1	P06753	
RALGAPA2	1	Q2PPJ7	
SWAP70	1	Q9UH65	
TPM1	1	P09493	
CHD1L	1	Q86WJ1	
THOC2	1	Q8NI27	
LARP4B	1	Q92615	
LEMD3	1	Q9Y2U8	
LEMD2	1	Q8NC56	
THOC6	1	Q86W42	
TOM1L1	1	O75674	
EDAR	1	Q9UNE0	
MORF4L2	1	Q15014	
FKBP8	1	Q14318	
FKBP9	1	O95302	
FKBP4	1	Q02790	
FKBP3	1	Q00688	
FKBP5	1	Q13451	
FKBP2	1	P26885	
CNP	1	P09543	
UBR4	1	Q5T4S7	
GLT8D1	1	Q68CQ7	
SLC38A10	1	Q9HBR0	
KNG1	1	P01042	
MTM1	1	Q13496	
FGGY	1	Q96C11	
TPR	1	P12270	
SMN1	1	Q16637	
MAP2K5	1	Q13163	
OSBPL9	1	Q96SU4	
OSBPL8	1	Q9BZF1	
COA3	1	Q9Y2R0	
CHTOP	1	Q9Y3Y2	
TCEANC	1	Q8N8B7	
FANCA	1	O15360	
COPS4	1	Q9BT78	
COPS3	1	Q9UNS2	
DAB2	1	P98082	
COPS6	1	Q7L5N1	
COPS5	1	Q92905	
CPD	1	O75976	
COPS2	1	P61201	
TPP2	1	P29144	
TPP1	1	O14773	
COPS8	1	Q99627	
CPM	1	P14384	
MCM7	1	P33993	
COL14A1	1	Q05707	
ZC3H4	1	Q9UPT8	
CPQ	1	Q9Y646	
UFSP2	1	Q9NUQ7	
ZC3H6	1	P61129	
SYNE2	1	Q8WXH0	
SYNE1	1	Q8NF91	
NOB1	1	Q9ULX3	
UBTF	1	P17480	
ZNF766	1	Q5HY98	
PHACTR1	1	Q9C0D0	
LBP	1	P18428	
TNPO1	1	Q92973	
LBR	1	Q14739	
COA7	1	Q96BR5	
COA6	1	Q5JTJ3	
PAAF1	1	Q9BRP4	
TNPO3	1	Q9Y5L0	
ILKAP	1	Q9H0C8	
GGPS1	1	O95749	
DIS3	1	Q9Y2L1	
LANCL1	1	O43813	
APOA2	1	P02652	
APOA1	1	P02647	
EDF1	1	O60869	
APOA4	1	P06727	
PLRG1	1	O43660	
WIPI2	1	Q9Y4P8	
SMC1A	1	Q14683	
TSN	1	Q15631	
DNAJC3	1	Q13217	
DNAJC2	1	Q99543	
DNAJC1	1	Q96KC8	
NPEPL1	1	Q8NDH3	
TST	1	Q16762	
ACTBL2	1	Q562R1	
DNAJC7	1	Q99615	
DAD1	1	P61803	
MCM3	1	P25205	
LANCL2	1	Q9NS86	
MCM4	1	P33991	
MCM5	1	P33992	
DNAJC9	1	Q8WXX5	
DNAJC8	1	O75937	
MCM6	1	Q14566	
CRK	1	P46108	
ALDH9A1	1	P49189	
MCM2	1	P49736	
CRP	1	P02741	
MTPN	1	P58546	
VPS4B	1	O75351	
FGL1	1	Q08830	
FGL2	1	Q14314	
VPS4A	1	Q9UN37	
PDHB	1	P11177	
HDAC6	1	Q9UBN7	
TTN	1	Q8WZ42	
DNAJB1	1	P25685	
ABLIM1	1	O14639	
NFS1	1	Q9Y697	
TTR	1	P02766	
HECTD1	1	Q9ULT8	
VPS51	1	Q9UID3	
HECTD3	1	Q5T447	
VPS53	1	Q5VIR6	
DNAJB4	1	Q9UDY4	
VPS52	1	Q8N1B4	
DNAJB9	1	Q9UBS3	
CSK	1	P41240	
BCO2	1	Q9BYV7	
WDR97	1	A6NE52	
APOC3	1	P02656	
APOBR	1	Q0VD83	
KBTBD11	1	O94819	
MTOR	1	P42345	
CPPED1	1	Q9BRF8	
BCKDK	1	O14874	
DNAJA1	1	P31689	
MFAP4	1	P55083	
MFAP1	1	P55081	
APOC2	1	P02655	
CTH	1	P32929	
DNAJA3	1	Q96EY1	
GLOD4	1	Q9HC38	
DNAJA2	1	O60884	
APOC1	1	P02654	
DRG1	1	Q9Y295	
DRG2	1	P55039	
VPS45	1	Q9NRW7	
TPT1	1	P13693	
IFITM3	1	Q01628	
TCERG1	1	O14776	
RSC1A1	1	Q92681	
C12orf57	1	Q99622	
MISP3	1	Q96FF7	
PITPNB	1	P48739	
PARS2	1	Q7L3T8	
PITPNA	1	Q00169	
IFIT5	1	Q13325	
IFIT1	1	P09914	
MKI67	1	P46013	
IFIT3	1	O14879	
IFIT2	1	P09913	
HS6ST3	1	Q8IZP7	
RPS15	1	P62841	
TIAL1	1	Q01085	
NFU1	1	Q9UMS0	
RPS6KA3	1	P51812	
RPS14	1	P62263	
RPS17	1	P08708	
RPS16	1	P62249	
RPS19	1	P39019	
RPS18	1	P62269	
PDK3	1	Q15120	
ARFIP1	1	P53367	
HMCN1	1	Q96RW7	
RPS11	1	P62280	
SYNPO	1	Q8N3V7	
RPS10	1	P46783	
RPS13	1	P62277	
PDK2	1	Q15119	
RPS12	1	P25398	
PDK1	1	Q15118	
DYNC2H1	1	Q8NCM8	
SRRM2	1	Q9UQ35	
PDHX	1	O00330	
CPT1A	1	P50416	
COG8	1	Q96MW5	
COG6	1	Q9Y2V7	
COG5	1	Q9UP83	
IL1R2	1	P27930	
COG4	1	Q9H9E3	
HLA-B	1	P01889	
COG2	1	Q14746	
HLA-C	1	P10321	
P3H1	1	Q32P28	
HLA-A	1	P04439	
KNL1	1	Q8NG31	
HLA-G	1	P17693	
CRNKL1	1	Q9BZJ0	
SRRM1	1	Q8IYB3	
NIF3L1	1	Q9GZT8	
CAGE1	1	Q8TC20	
MACF1	1	Q9UPN3	
STXBP3	1	O00186	
CSTF3	1	Q12996	
CSTF2	1	P33240	
MTTP	1	P55157	
STXBP2	1	Q15833	
TXN	1	P10599	
RPAP1	1	Q9BWH6	
FXR1	1	P51114	
STRIP1	1	Q5VSL9	
SCFD1	1	Q8WVM8	
PDCD11	1	Q14690	
SCFD2	1	Q8WU76	
PDCD10	1	Q9BUL8	
CSTF1	1	Q05048	
MLEC	1	Q14165	
STXBP5	1	Q5T5C0	
ARGLU1	1	Q9NWB6	
H4C9	1	P62805	
SLC35E1	1	Q96K37	
PARVA	1	Q9NVD7	
RPS26	1	P62854	
SMU1	1	Q2TAY7	
RPS25	1	P62851	
RPS28	1	P62857	
VNN1	1	O95497	
RPS27	1	P42677	
VNN2	1	O95498	
ADCK2	1	Q7Z695	
PARVG	1	Q9HBI0	
RPS29	1	P62273	
ADCK1	1	Q86TW2	
RPS20	1	P60866	
RPS21	1	P63220	
RPS24	1	P62847	
RPS23	1	P62266	
SLC35F6	1	Q8N357	
ORM1	1	P02763	
C2CD5	1	Q86YS7	
UBXN1	1	Q04323	
GBE1	1	Q04446	
ORM2	1	P19652	
ZCCHC14	1	Q8WYQ9	
COIL	1	P38432	
C1QBP	1	Q07021	
TMED2	1	Q15363	
TMED1	1	Q13445	
SEC61B	1	P60468	
UBXN4	1	Q92575	
TMED7	1	Q9Y3B3	
UBXN6	1	Q9BZV1	
TMED5	1	Q9Y3A6	
TMED4	1	Q7Z7H5	
LRRCC1	1	Q9C099	
TMED9	1	Q9BVK6	
PARP4	1	Q9UKK3	
PARP1	1	P09874	
STRADA	1	Q7RTN6	
PARP9	1	Q8IXQ6	
VWA8	1	A3KMH1	
VWA1	1	Q6PCB0	
MATN2	1	O00339	
ACTRT1	1	Q8TDG2	
DTYMK	1	P23919	
FAM47A	1	Q5JRC9	
NOL7	1	Q9UMY1	
NOL4	1	O94818	
AIF1	1	P55008	
TYMP	1	P19971	
NOL6	1	Q9H6R4	
PURB	1	Q96QR8	
PURA	1	Q00577	
PDPR	1	Q8NCN5	
CHRAC1	1	Q9NRG0	
MTHFD1L	1	Q6UB35	
EMC1	1	Q8N766	
EMC2	1	Q15006	
EMC3	1	Q9P0I2	
MTX1	1	Q13505	
NFYC	1	Q13952	
SUSD2	1	Q9UGT4	
GBF1	1	Q92538	
MLH1	1	P40692	
PDP1	1	Q9P0J1	
SPCS3	1	P61009	
SPCS2	1	Q15005	
SPCS1	1	Q9Y6A9	
GSTA4	1	O15217	
PRKRA	1	O75569	
GSTA3	1	Q16772	
GSTA2	1	P09210	
GSTA1	1	P08263	
COPG2	1	Q9UBF2	
COPG1	1	Q9Y678	
SIPA1	1	Q96FS4	
NDUFA13	1	Q9P0J0	
NDUFA11	1	Q86Y39	
NDUFA12	1	Q9UI09	
NDUFA10	1	O95299	
LZIC	1	Q8WZA0	
COMT	1	P21964	
CNDP2	1	Q96KP4	
EME2	1	A4GXA9	
ARHGDIA	1	P52565	
ARHGDIB	1	P52566	
POSTN	1	Q15063	
PUS1	1	Q9Y606	
LIG4	1	P49917	
ACYP2	1	P14621	
LIG3	1	P49916	
ATP1B3	1	P54709	
ATP1B1	1	P05026	
PUS7	1	Q96PZ0	
MYADM	1	Q96S97	
PRTN3	1	P24158	
MATR3	1	P43243	
LPA	1	P08519	
DAP3	1	P51398	
ZCCHC8	1	Q6NZY4	
COPB2	1	P35606	
COPA	1	P53621	
ISYNA1	1	Q9NPH2	
COPB1	1	P53618	
NOP2	1	P46087	
CLEC16A	1	Q2KHT3	
PMF1	1	Q6P1K2	
LPP	1	Q93052	
NOP9	1	Q86U38	
EMG1	1	Q92979	
CPSF7	1	Q8N684	
CPSF6	1	Q16630	
PNPT1	1	Q8TCS8	
CPSF1	1	Q10570	
UQCC2	1	Q9BRT2	
NONO	1	Q15233	
CPSF3	1	Q9UKF6	
CPSF2	1	Q9P2I0	
COQ9	1	O75208	
COQ6	1	Q9Y2Z9	
COQ5	1	Q5HYK3	
CAMSAP3	1	Q9P1Y5	
DIAPH1	1	O60610	
GRHPR	1	Q9UBQ7	
DIAPH2	1	O60879	
DAP	1	P51397	
DAO	1	P14920	
PXMP2	1	Q9NR77	
CRYL1	1	Q9Y2S2	
BLMH	1	Q13867	
SKIV2L	1	Q15477	
COPE	1	O14579	
THRB	1	P10828	
DBI	1	P07108	
CLEC14A	1	Q86T13	
OPLAH	1	O14841	
RABEPK	1	Q7Z6M1	
RPS4X	1	P62701	
RBM3	1	P98179	
RBM4	1	Q9BWF3	
HEPH	1	Q9BQS7	
DBT	1	P11182	
COLGALT1	1	Q8NBJ5	
DCD	1	P81605	
RPS3A	1	P61247	
LSR	1	Q86X29	
OXSR1	1	O95747	
DCK	1	P27707	
LSS	1	P48449	
PRODH2	1	Q9UF12	
DCN	1	P07585	
SUPV3L1	1	Q8IYB8	
IQCN	1	Q9H0B3	
DDAH1	1	O94760	
DDAH2	1	O95865	
OAS2	1	P29728	
THRAP3	1	Q9Y2W1	
ALDH1A2	1	O94788	
COL6A2	1	P12110	
OAS3	1	Q9Y6K5	
ALDH1A1	1	P00352	
COL6A1	1	P12109	
AKT1S1	1	Q96B36	
CDH12	1	P55289	
COL6A3	1	P12111	
CDH13	1	P55290	
COL6A6	1	A6NMZ7	
DNASE2	1	O00115	
THOP1	1	P52888	
LTF	1	P02788	
CDH19	1	Q9H159	
PDXK	1	O00764	
DDC	1	P20711	
PDXP	1	Q96GD0	
ATP1A1	1	P05023	
ERICH5	1	Q6P6B1	
NXF1	1	Q9UBU9	
ALDH1B1	1	P30837	
DDT	1	P30046	
FAM120A	1	Q9NZB2	
SNCG	1	O76070	
PDSS2	1	Q86YH6	
BUB3	1	O43684	
GBP2	1	P32456	
GBP1	1	P32455	
LUM	1	P51884	
ATP13A1	1	Q9HD20	
DEK	1	P35659	
DES	1	P17661	
PDE10A	1	Q9Y233	
PITHD1	1	Q9GZP4	
RBMX	1	P38159	
MDC1	1	Q14676	
C4BPA	1	P04003	
LIPA	1	P38571	
ZDBF2	1	Q9HCK1	
LACTB	1	P83111	
PREX1	1	Q8TCU6	
IL4I1	1	Q96RQ9	
NSDHL	1	Q15738	
ZFYVE26	1	Q68DK2	
MPRIP	1	Q6WCQ1	
CYP2D6	1	P10635	
GBP6	1	Q6ZN66	
CSNK2A1	1	P68400	
STARD7	1	Q9NQZ5	
CSNK2A2	1	P19784	
CFAP91	1	Q7Z4T9	
RNASE3	1	P12724	
GAPVD1	1	Q14C86	
EML1	1	O00423	
HSPG2	1	P98160	
SCAMP3	1	O14828	
EML2	1	O95834	
SND1	1	Q7KZF4	
SCAMP2	1	O15127	
EML3	1	Q32P44	
EML4	1	Q9HC35	
EML5	1	Q05BV3	
RBP4	1	P02753	
RBP5	1	P82980	
PRKAR1A	1	P10644	
CLNS1A	1	P54105	
RBP1	1	P09455	
CYP2E1	1	P05181	
PADI4	1	Q9UM07	
NGEF	1	Q8N5V2	
GRID2IP	1	A4D2P6	
LXN	1	Q9BS40	
RETSAT	1	Q6NUM9	
SHOX2	1	O60902	
SDR39U1	1	Q9NRG7	
THY1	1	P04216	
AAAS	1	Q9NRG9	
HACD3	1	Q9P035	
C2	1	P06681	
C3	1	P01024	
C5	1	P01031	
C6	1	P13671	
HSPH1	1	Q92598	
C7	1	P10643	
C9	1	P02748	
PRKAR2A	1	P13861	
VTI1A	1	Q96AJ9	
RSU1	1	Q15404	
VTI1B	1	Q9UEU0	
LYN	1	P07948	
MCTS1	1	Q9ULC4	
GLYATL1	1	Q969I3	
PMM1	1	Q92871	
LRBA	1	P50851	
PMM2	1	O15305	
ERLIN1	1	O75477	
ERLIN2	1	O94905	
AZU1	1	P20160	
LYZ	1	P61626	
CP	1	P00450	
PTRHD1	1	Q6GMV3	
CS	1	O75390	
COL1A1	1	P02452	
CYP2C9	1	P11712	
CYP2C8	1	P10632	
COL1A2	1	P08123	
GRIN3A	1	Q8TCU5	
SASS6	1	Q6UVJ0	
LAD1	1	O00515	
ARF4	1	P18085	
RPLP1	1	P05386	
HEXB	1	P07686	
RPLP0	1	P05388	
HEXA	1	P06865	
QPRT	1	Q15274	
DIS3L	1	Q8TF46	
C7orf50	1	Q9BRJ6	
AACS	1	Q86V21	
TRIOBP	1	Q9H2D6	
PQBP1	1	O60828	
EEA1	1	Q15075	
NIPBL	1	Q6KC79	
RPLP2	1	P05387	
NELFA	1	Q9H3P2	
IKBKG	1	Q9Y6K9	
APPL2	1	Q8NEU8	
APPL1	1	Q9UKG1	
IKBIP	1	Q70UQ0	
ARG1	1	P05089	
NSUN2	1	Q08J23	
ACTL6A	1	O96019	
VWA5A	1	O00534	
RRAS2	1	P62070	
SIRT5	1	Q9NXA8	
NSUN7	1	Q8NE18	
F2	1	P00734	
SUMF2	1	Q8NBJ7	
FAHD2A	1	Q96GK7	
F5	1	P12259	
SUMF1	1	Q8NBK3	
SIRT3	1	Q9NTG7	
F7	1	P08709	
F9	1	P00740	
BDH2	1	Q9BUT1	
BDH1	1	Q02338	
DLD	1	P09622	
GPRC5C	1	Q9NQ84	
ARF5	1	P84085	
ARF6	1	P62330	
FH	1	P07954	
STAU1	1	O95793	
KARS1	1	Q15046	
RPS27L	1	Q71UM5	
STYXL1	1	Q9Y6J8	
HLA-DMA	1	P28067	
RECQL5	1	O94762	
DMD	1	P11532	
STAT6	1	P42226	
GC	1	P02774	
GK	1	P32189	
MDH1	1	P40925	
MDH2	1	P40926	
STAT1	1	P42224	
AADAT	1	Q8N5Z0	
UTP3	1	Q9NQZ2	
STAT2	1	P52630	
STAT3	1	P40763	
YLPM1	1	P49750	
VWA3B	1	Q502W6	
HEYL	1	Q9NQ87	
LRG1	1	P02750	
AADAC	1	P22760	
CASTOR2	1	A6NHX0	
SERBP1	1	Q8NC51	
ERO1A	1	Q96HE7	
PECR	1	Q9BY49	
ZNF691	1	Q5VV52	
CSE1L	1	P55060	
HP	1	P00738	
HNMT	1	P50135	
HDDC3	1	Q8N4P3	
FAM228B	1	P0C875	
STK10	1	O94804	
SMCHD1	1	A6NHR9	
HEPHL1	1	Q6MZM0	
OSBP	1	P22059	
KPNA6	1	O60684	
PABPC4L	1	P0CB38	
PMPCB	1	O75439	
PMPCA	1	Q10713	
SLC25A42	1	Q86VD7	
KPNA2	1	P52292	
KPNA3	1	O00505	
KPNA1	1	P52294	
IK	1	Q13123	
PRPF4B	1	Q13523	
TUBA4A	1	P68366	
ACAP1	1	Q15027	
RBMXL1	1	Q96E39	
FSCN1	1	Q16658	
UTS2	1	O95399	
UTRN	1	P46939	
DSC2	1	Q02487	
KPNB1	1	Q14974	
NSMAF	1	Q92636	
RNASEH2B	1	Q5TBB1	
CPB2	1	Q96IY4	
CPB1	1	P15086	
TUBGCP2	1	Q9BSJ2	
PEF1	1	Q9UBV8	
ARL3	1	P36405	
ARL1	1	P40616	
ARL2	1	P36404	
DPT	1	Q07507	
NTPCR	1	Q9BSD7	
FHIT	1	P49789	
ACAT2	1	Q9BWD1	
ACAT1	1	P24752	
BCL2L13	1	Q9BXK5	
PMVK	1	Q15126	
STK38	1	Q15208	
HACL1	1	Q9UJ83	
MDN1	1	Q9NU22	
KL	1	Q9UEF7	
TIA1	1	P31483	
DR1	1	Q01658	
GFPT1	1	Q06210	
EEF2	1	P13639	
STK24	1	Q9Y6E0	
AAK1	1	Q2M2I8	
HLA-DRA	1	P01903	
TUBGCP3	1	Q96CW5	
MYD88	1	Q99836	
SH2D4A	1	Q9H788	
CELF1	1	Q92879	
CELF2	1	O95319	
COX4I1	1	P13073	
FHL1	1	Q13642	
MRPL4	1	Q9BYD3	
MRPL3	1	P09001	
MRPL2	1	Q5T653	
MRPL1	1	Q9BYD6	
CAPZB	1	P47756	
PPP1R13L	1	Q8WUF5	
ME1	1	P48163	
ME2	1	P23368	
MRPL9	1	Q9BYD2	
MDP1	1	Q86V88	
DSP	1	P15924	
PPP1R12A	1	O14974	
DST	1	Q03001	
VPS37D	1	Q86XT2	
RAD23A	1	P54725	
VPS37A	1	Q8NEZ2	
VPS37B	1	Q9H9H4	
RAD23B	1	P54727	
SLC25A15	1	Q9Y619	
CYP2A6	1	P11509	
SLC25A18	1	Q9H1K4	
ZNF638	1	Q14966	
DSG2	1	Q14126	
SLC25A10	1	Q9UBX3	
SLC25A12	1	O75746	
SLC25A11	1	Q02978	
PPP1R12C	1	Q9BZL4	
SLC25A13	1	Q9UJS0	
COL15A1	1	P39059	
LRP1	1	Q07954	
HSD17B13	1	Q7Z5P4	
LRP2	1	P98164	
HSD17B12	1	Q53GQ0	
HSD17B11	1	Q8NBQ5	
MFF	1	Q9GZY8	
LRP8	1	Q14114	
HSD17B10	1	Q99714	
MIEN1	1	Q9BRT3	
PCBD1	1	P61457	
SLC25A20	1	O43772	
ZNF622	1	Q969S3	
PCBD2	1	Q9H0N5	
CNNM3	1	Q8NE01	
SLC25A24	1	Q6NUK1	
CTHRC1	1	Q96CG8	
DUT	1	P33316	
PPP1R14B	1	Q96C90	
MMAA	1	Q8IVH4	
MMAB	1	Q96EY8	
C2orf72	1	A6NCS6	
BAIAP2	1	Q9UQB8	
DHODH	1	Q02127	
PC	1	P11498	
VIPAS39	1	Q9H9C1	
P4HB	1	P07237	
VPS35L	1	Q7Z3J2	
EIF4A2	1	Q14240	
EIF4A1	1	P60842	
RETREG3	1	Q86VR2	
LPGAT1	1	Q92604	
RTCA	1	O00442	
EIF4A3	1	P38919	
RTCB	1	Q9Y3I0	
UBE2L6	1	O14933	
TXNDC12	1	O95881	
ARR3	1	P36575	
NUBP1	1	P53384	
UBE2L3	1	P68036	
TXNDC17	1	Q9BRA2	
NUBP2	1	Q9Y5Y2	
BAIAP2L1	1	Q9UHR4	
DHX57	1	Q6P158	
CHORDC1	1	Q9UHD1	
RCC1	1	P18754	
ACAD11	1	Q709F0	
ACAD10	1	Q6JQN1	
ARSA	1	P15289	
ENTPD1	1	P49961	
ARMT1	1	Q9H993	
PHYKPL	1	Q8IUZ5	
ENTPD5	1	O75356	
ENTPD6	1	O75354	
MIF	1	P14174	
VWA5B1	1	Q5TIE3	
GCAT	1	O75600	
ULK3	1	Q6PHR2	
TAGLN2	1	P37802	
LAP3	1	P28838	
GCDH	1	Q92947	
PEX11B	1	O96011	
PIK3R4	1	Q99570	
PIK3R1	1	P27986	
RTF1	1	Q92541	
OSGEP	1	Q9NPF4	
SNX3	1	O60493	
SNX4	1	O95219	
DHX30	1	Q7L2E3	
SNX1	1	Q13596	
SNX2	1	O60749	
COMMD9	1	Q9P000	
ARSL	1	P51690	
SPATA5L1	1	Q9BVQ7	
ZNF706	1	Q9Y5V0	
SI	1	P14410	
PCBP1	1	Q15365	
PCBP2	1	Q15366	
DHX36	1	Q9H2U1	
DHX38	1	Q92620	
SNX9	1	Q9Y5X1	
RBM12	1	Q9NTZ6	
SNX8	1	Q9Y5X2	
ARSB	1	P15848	
RBM10	1	P98175	
SNX5	1	Q9Y5X3	
RAB11FIP5	1	Q9BXF6	
SNX6	1	Q9UNH7	
CRADD	1	P78560	
RCC2	1	Q9P258	
C20orf27	1	Q9GZN8	
WAPL	1	Q7Z5K2	
TF	1	P02787	
SNW1	1	Q13573	
TASOR2	1	Q5VWN6	
OR2Z1	1	Q8NG97	
DHX29	1	Q7Z478	
RCOR2	1	Q8IZ40	
FKBP11	1	Q9NYL4	
FKBP10	1	Q96AY3	
FKBP15	1	Q5T1M5	
CCDC124	1	Q96CT7	
WASL	1	O00401	
PEPD	1	P12955	
AATF	1	Q9NY61	
IER3IP1	1	Q9Y5U9	
CLYBL	1	Q8N0X4	
MYDGF	1	Q969H8	
STBD1	1	O95210	
DHX15	1	O43143	
DHX16	1	O60231	
ACADM	1	P11310	
ACADS	1	P16219	
L3HYPDH	1	Q96EM0	
UTP14A	1	Q9BVJ6	
AASS	1	Q9UDR5	
ACAD8	1	Q9UKU7	
DBNL	1	Q9UJU6	
NCOA5	1	Q9HCD5	
NCOA3	1	Q9Y6Q9	
ACAD9	1	Q9H845	
COMMD2	1	Q86X83	
COMMD3	1	Q9UBI1	
MRPS2	1	Q9Y399	
OSMR	1	Q99650	
MRPS7	1	Q9Y2R9	
COMMD7	1	Q86VX2	
MRPS5	1	P82675	
COMMD4	1	Q9H0A8	
COMMD5	1	Q9GZQ3	
ENAH	1	Q8N8S7	
MRPS9	1	P82933	
VSNL1	1	P62760	
CSDE1	1	O75534	
C2orf16	1	Q68DN1	
C2orf15	1	Q8WU43	
DBN1	1	Q16643	
RABGAP1	1	Q9Y3P9	
HEATR1	1	Q9H583	
IBA57	1	Q5T440	
CRIP2	1	P52943	
NEDD8	1	Q15843	
CPN2	1	P22792	
PGRMC1	1	O00264	
PGRMC2	1	O15173	
SAMM50	1	Q9Y512	
PES1	1	O00541	
HEATR3	1	Q7Z4Q2	
BCAP31	1	P51572	
NPM1	1	P06748	
CAVIN1	1	Q6NZI2	
CAVIN2	1	O95810	
NUBPL	1	Q8TB37	
YIPF4	1	Q9BSR8	
HUWE1	1	Q7Z6Z7	
UBE2G2	1	P60604	
PPP1CA	1	P62136	
ALDH4A1	1	P30038	
FKBP1A	1	P62942	
GARS1	1	P41250	
NEDD4	1	P46934	
ESYT2	1	A0FGR8	
EPPK1	1	P58107	
ESYT1	1	Q9BSJ8	
TARDBP	1	Q13148	
MAD2L1	1	Q13257	
ENGASE	1	Q8NFI3	
DBR1	1	Q9UK59	
ACAA2	1	P42765	
MPG	1	P29372	
MPI	1	P34949	
CCDC168	1	Q8NDH2	
BCCIP	1	Q9P287	
CPOX	1	P36551	
OGDHL	1	Q9ULD0	
CYP46A1	1	Q9Y6A2	
MPO	1	P05164	
CAPN7	1	Q9Y6W3	
CAPN5	1	O15484	
CAPN2	1	P17655	
BANF1	1	O75531	
CAPN1	1	P07384	
ACAA1	1	P09110	
ARHGEF40	1	Q8TER5	
SH3GL1	1	Q99961	
PDGFRB	1	P09619	
HFM1	1	A2PYH4	
CYBB	1	P04839	
CYBA	1	P13498	
WBP11	1	Q9Y2W2	
DKC1	1	O60832	
UBE2V2	1	Q15819	
C9orf116	1	Q5BN46	
UBE2V1	1	Q13404	
CCDC151	1	A5D8V7	
VCL	1	P18206	
RTN3	1	O95197	
UTP25	1	Q68CQ4	
VCP	1	P55072	
NDRG3	1	Q9UGV2	
RBM8A	1	Q9Y5S9	
ARHGEF25	1	Q86VW2	
NDRG2	1	Q9UN36	
ACACB	1	O00763	
NDRG1	1	Q92597	
ACACA	1	Q13085	
RTN4	1	Q9NQC3	
CYC1	1	P08574	
PRODH	1	O43272	
GCN1	1	Q92616	
VARS1	1	P26640	
GCKR	1	Q14397	
HMGA1	1	P17096	
MSN	1	P26038	
HMGA2	1	P52926	
DSTN	1	P60981	
GCLC	1	P48506	
BMP1	1	P13497	
CPS1	1	P31327	
STT3A	1	P46977	
CYCS	1	P99999	
STT3B	1	Q8TCJ2	
GCLM	1	P48507	
LSM14A	1	Q8ND56	
YWHAE	1	P62258	
LGALS3BP	1	Q08380	
RBM27	1	Q9P2N5	
RBM28	1	Q9NW13	
RBM25	1	P49756	
RBM26	1	Q5T8P6	
YWHAB	1	P31946	
HMGB2	1	P26583	
HMGB3	1	O15347	
PSIP1	1	O75475	
ATP2A2	1	P16615	
CHD4	1	Q14839	
MTR	1	Q99707	
HMGB1	1	P09429	
LAMC1	1	P11047	
DNPH1	1	O43598	
SEC61A1	1	P61619	
ABHD16A	1	O95870	
CPT2	1	P23786	
YWHAQ	1	P27348	
NPTN	1	Q9Y639	
UQCRFS1	1	P47985	
CFAP46	1	Q8IYW2	
LRRFIP2	1	Q9Y608	
LRRFIP1	1	Q32MZ4	
RBM34	1	P42696	
ARMH3	1	Q5T2E6	
YWHAG	1	P61981	
YWHAH	1	Q04917	
BCKDHA	1	P12694	
UTP15	1	Q8TED0	
RBM17	1	Q96I25	
RBM14	1	Q96PK6	
RBM15	1	Q96T37	
GLRX3	1	O76003	
GLRX5	1	Q86SX6	
BCKDHB	1	P21953	
DARS2	1	Q6PI48	
ABHD14B	1	Q96IU4	
PEX1	1	O43933	
MMP8	1	P22894	
MMP9	1	P14780	
YWHAZ	1	P63104	
DARS1	1	P14868	
RCN3	1	Q96D15	
SFPQ	1	P23246	
RCN1	1	Q15293	
RCN2	1	Q14257	
TBC1D5	1	Q92609	
GORASP2	1	Q9H8Y8	
PEX6	1	Q13608	
CHDH	1	Q8NE62	
PEX5	1	P50542	
CFAP58	1	Q5T655	
BLVRB	1	P30043	
MVD	1	P53602	
IRF6	1	O14896	
BLVRA	1	P53004	
LAMA5	1	O15230	
RBM47	1	A0AV96	
MVK	1	Q03426	
MVP	1	Q14764	
LAMA4	1	Q16363	
LAMA3	1	Q16787	
RRBP1	1	Q9P2E9	
CYGB	1	Q8WWM9	
HMGCL	1	P35914	
DNPEP	1	Q9ULA0	
BMS1	1	Q14692	
NAA25	1	Q14CX7	
EPS8L2	1	Q9H6S3	
EPS8L3	1	Q8TE67	
CFAP20	1	Q9Y6A4	
RBM39	1	Q14498	
TAF15	1	Q92804	
LAMB2	1	P55268	
MX2	1	P20592	
SWT1	1	Q5T5J6	
MX1	1	P20591	
ATP2B4	1	P23634	
LAMB1	1	P07942	
ATP2B1	1	P20020	
SOD2	1	P04179	
SOD3	1	P08294	
SOD1	1	P00441	
IRGQ	1	Q8WZA9	
PNKD	1	Q8N490	
GOLPH3	1	Q9H4A6	
GLB1	1	P16278	
ASB9	1	Q96DX5	
RBM42	1	Q9BTD8	
ACIN1	1	Q9UKV3	
FAM98B	1	Q52LJ0	
VIM	1	P08670	
FAM98A	1	Q8NCA5	
NAA15	1	Q9BXJ9	
CPVL	1	Q9H3G5	
RBM46	1	Q8TBY0	
TRIR	1	Q9BQ61	
RPL30	1	P62888	
EHF	1	Q9NZC4	
RPL32	1	P62910	
GLDC	1	P23378	
RPL31	1	P62899	
RPL34	1	P49207	
RAPH1	1	Q70E73	
DCAF8	1	Q5TAQ9	
THYN1	1	Q9P016	
ABAT	1	P80404	
ENO1	1	P06733	
ENO2	1	P09104	
ABCA12	1	Q86UK0	
DCAF5	1	Q96JK2	
ENO3	1	P13929	
DCAF4	1	Q8WV16	
GCSH	1	P23434	
MYC	1	P01106	
RPL36	1	Q9Y3U8	
RPL35	1	P42766	
PIP4K2A	1	P48426	
RPL38	1	P63173	
MMUT	1	P22033	
PIP4K2C	1	Q8TBX8	
SULT2A1	1	Q06520	
ANKS1B	1	Q7Z6G8	
MED1	1	Q15648	
IAH1	1	Q2TAA2	
RPL21	1	P46778	
RPL23	1	P62829	
RPL22	1	P35268	
AARSD1	1	Q9BTE6	
RNF123	1	Q5XPI4	
SARNP	1	P82979	
RPL24	1	P83731	
RPL27	1	P61353	
NHLRC2	1	Q8NBF2	
RPL29	1	P47914	
RPL28	1	P46779	
VPS26C	1	O14972	
NEDD4L	1	Q96PU5	
VPS26A	1	O75436	
SLAIN2	1	Q9P270	
A1BG	1	P04217	
VPS26B	1	Q4G0F5	
GLG1	1	Q92896	
PRDX3	1	P30048	
PRDX2	1	P32119	
PRDX5	1	P30044	
PPP4C	1	P60510	
PRDX4	1	Q13162	
PRDX1	1	Q06830	
PLCG2	1	P16885	
PNPO	1	Q9NVS9	
NR2C2AP	1	Q86WQ0	
GSDMD	1	P57764	
DNAH11	1	Q96DT5	
FZD3	1	Q9NPG1	
DNAH17	1	Q9UFH2	
PNO1	1	Q9NRX1	
DNAH14	1	Q0VDD8	
TMEM192	1	Q8IY95	
PRRC2C	1	Q9Y520	
PA2G4	1	Q9UQ80	
PRDX6	1	P30041	
A1CF	1	Q9NQ94	
PRRC2A	1	P48634	
TMEM199	1	Q8N511	
FA2H	1	Q7L5A8	
PPP5C	1	P53041	
CYP1A2	1	P05177	
H2AC21	1	Q8IUE6	
GIPC2	1	Q8TF65	
PLCH1	1	Q4KWH8	
TRMU	1	O75648	
SPEF2	1	Q9C093	
TGFB1I1	1	O43294	
ELN	1	P15502	
PFAS	1	O15067	
ZCWPW1	1	Q9H0M4	
IMPA1	1	P29218	
TMSB4X	1	P62328	
ENSA	1	O43768	
EMD	1	P50402	
FN3KRP	1	Q9HA64	
PLCB3	1	Q01970	
LSG1	1	Q9H089	
COL21A1	1	Q96P44	
ENG	1	P17813	
CCDC90B	1	Q9GZT6	
PCYOX1	1	Q9UHG3	
OCA2	1	Q04671	
ASAH1	1	Q13510	
RPL10	1	P27635	
RPL12	1	P30050	
RPL11	1	P62913	
GRAMD4	1	Q6IC98	
RPL14	1	P50914	
RPL13	1	P26373	
HS1BP3	1	Q53T59	
RPL15	1	P61313	
RPL18	1	Q07020	
RPL17	1	P18621	
RPL19	1	P84098	
GPR157	1	Q5UAW9	
ZNF583	1	Q96ND8	
ZNF581	1	Q9P0T4	
F12	1	P00748	
TRMT1	1	Q9NXH9	
TTC9C	1	Q8N5M4	
POU4F1	1	Q01851	
LRPPRC	1	P42704	
FIG4	1	Q92562	
ERP44	1	Q9BS26	
ZNFX1	1	Q9P2E3	
NMNAT1	1	Q9HAN9	
ABI3	1	Q9P2A4	
ABI1	1	Q8IZP0	
MSRB2	1	Q9Y3D2	
LAMTOR1	1	Q6IAA8	
LAMTOR3	1	Q9UHA4	
LAMTOR5	1	O43504	
IRS2	1	Q9Y4H2	
EPX	1	P11678	
DACH2	1	Q96NX9	
FAM107B	1	Q9H098	
NAGLU	1	P54802	
GRB10	1	Q13322	
MACROD1	1	Q9BQ69	
CHP1	1	Q99653	
NBN	1	O60934	
LZTS3	1	O60299	
ANKRD44	1	Q8N8A2	
TAP2	1	Q03519	
TAP1	1	Q03518	
RNF40	1	O75150	
ENKUR	1	Q8TC29	
DISP3	1	Q9P2K9	
CLIP2	1	Q9UDT6	
CLIP1	1	P30622	
STIM1	1	Q13586	
SYPL1	1	Q16563	
NCL	1	P19338	
ERP29	1	P30040	
NHP2	1	Q9NX24	
ERH	1	P84090	
PHPT1	1	Q9NRX4	
PHLDB2	1	Q86SQ0	
GLYR1	1	Q49A26	
IQCA1	1	Q86XH1	
ENY2	1	Q9NPA8	
GLO1	1	Q04760	
RNF180	1	Q86T96	
ANKRD12	1	Q6UB98	
ABHD5	1	Q8WTS1	
MACROH2A2	1	Q9P0M6	
MACROH2A1	1	O75367	
VTN	1	P04004	
STIP1	1	P31948	
ESD	1	P10768	
ABL2	1	P42684	
ANKRD26	1	Q9UPS8	
LSM1	1	O15116	
ASNS	1	P08243	
CYBRD1	1	Q53TN4	
NEB	1	P20929	
DHCR24	1	Q15392	
CYP4F11	1	Q9HBI6	
CYP4F12	1	Q9HCS2	
LSM4	1	Q9Y4Z0	
LSM3	1	P62310	
CHERP	1	Q8IWX8	
LSM2	1	Q9Y333	
LSM8	1	O95777	
LSM6	1	P62312	
RIOX1	1	Q9H6W3	
CNOT1	1	A5YKK6	
CNOT2	1	Q9NZN8	
CNOT3	1	O75175	
ZFP64	1	Q9NTW7	
SPIRE2	1	Q8WWL2	
RNF181	1	Q9P0P0	
NES	1	P48681	
CNOT9	1	Q92600	
RNF185	1	Q96GF1	
EIF4G1	1	Q04637	
LSP1	1	P33241	
PPP6C	1	O00743	
SART1	1	O43290	
PTBP1	1	P26599	
RPL7A	1	P62424	
SART3	1	Q15020	
GM2A	1	P17900	
PDCD6IP	1	Q8WUM4	
VWF	1	P04275	
IGKV3D-20	1	A0A0C4DH25	
SORD	1	Q00796	
KCNAB2	1	Q13303	
KCNAB3	1	O43448	
RANGAP1	1	P46060	
COASY	1	Q13057	
ASPN	1	Q9BXN1	
SARS1	1	P49591	
SARS2	1	Q9NP81	
ASPH	1	Q12797	
SNRPA1	1	P09661	
EVL	1	Q9UI08	
SFT2D2	1	O95562	
RNF31	1	Q96EP0	
SMARCD2	1	Q92925	
ACSS3	1	Q9H6R3	
ACSS2	1	Q9NR19	
WBP2	1	Q969T9	
GLRX	1	P35754	
MESD	1	Q14696	
MROH1	1	Q8NDA8	
RBBP4	1	Q09028	
PUF60	1	Q9UHX1	
NHS	1	Q6T4R5	
RBBP9	1	O75884	
SNRPB2	1	P08579	
RBBP7	1	Q16576	
UGGT1	1	Q9NYU2	
WASF2	1	Q9Y6W5	
FDXACB1	1	Q9BRP7	
RNF20	1	Q5VTR2	
SMARCE1	1	Q969G3	
KCNIP1	1	Q9NZI2	
TXNRD2	1	Q9NNW7	
TXNRD1	1	Q16881	
EFL1	1	Q7Z2Z2	
RNF26	1	Q9BY78	
ASS1	1	P00966	
CUL4A	1	Q13619	
RPGRIP1	1	Q96KN7	
PFKL	1	P17858	
MARCKS	1	P29966	
MNDA	1	P41218	
PFKM	1	P08237	
PFKP	1	Q01813	
METAP2	1	P50579	
CUL4B	1	Q13620	
ACSM3	1	Q53FZ2	
ACSM1	1	Q08AH1	
HGH1	1	Q9BTY7	
ACSM5	1	Q6NUN0	
PWP2	1	Q15269	
NADSYN1	1	Q6IA69	
PWP1	1	Q13610	
GOLGA2	1	Q08379	
GOLGA3	1	Q08378	
SOX1	1	O00570	
GOLGA5	1	Q8TBA6	
CHEK1	1	O14757	
GOLGA1	1	Q92805	
ARL6IP5	1	O75915	
ARL6IP4	1	Q66PJ3	
UBAP2L	1	Q14157	
GLUL	1	P15104	
AGFG2	1	O95081	
AGFG1	1	P52594	
MCCC2	1	Q9HCC0	
ACSL1	1	P33121	
MCCC1	1	Q96RQ3	
RECQL	1	P46063	
ACSL5	1	Q9ULC5	
ACSL4	1	O60488	
ACSL3	1	O95573	
CYP27A1	1	Q02318	
AFG3L2	1	Q9Y4W6	
COX7A2L	1	O14548	
CARHSP1	1	Q9Y2V2	
PDE12	1	Q6L8Q7	
AKAP9	1	Q99996	
IGKV4-1	1	P06312	
VDAC3	1	Q9Y277	
VDAC2	1	P45880	
VDAC1	1	P21796	
RELCH	1	Q9P260	
TTLL12	1	Q14166	
PFN1	1	P07737	
EZR	1	P15311	
PFN2	1	P35080	
TSHZ3	1	Q63HK5	
MTARC2	1	Q969Z3	
MTARC1	1	Q5VT66	
TRMT2A	1	Q8IZ69	
NLN	1	Q9BYT8	
FIS1	1	Q9Y3D6	
NMI	1	Q13287	
PARP14	1	Q460N5	
C21orf91	1	Q9NYK6	
GNG12	1	Q9UBI6	
ACADSB	1	P45954	
PARP12	1	Q9H0J9	
PARP10	1	Q53GL7	
OCLN	1	Q16625	
STAG1	1	Q8WVM7	
NCEH1	1	Q6PIU2	
STAG2	1	Q8N3U4	
GOLGB1	1	Q14789	
ALDH18A1	1	P54886	
CORO7	1	P57737	
CC2D1A	1	Q6P1N0	
CLIC4	1	Q9Y696	
GDI1	1	P31150	
SH3KBP1	1	Q96B97	
FAF1	1	Q9UNN5	
GDI2	1	P50395	
FAF2	1	Q96CS3	
STAB2	1	Q8WWQ8	
OLA1	1	Q9NTK5	
MYL6B	1	P14649	
PRPF19	1	Q9UMS4	
EPM2AIP1	1	Q7L775	
NNT	1	Q13423	
GUK1	1	Q16774	
GLIPR2	1	Q9H4G4	
STAB1	1	Q9NY15	
GNPNAT1	1	Q96EK6	
DLAT	1	P10515	
CLIC2	1	O15247	
CLIC1	1	O00299	
TOMM70	1	O94826	
PRMT6	1	Q96LA8	
PRMT5	1	O14744	
PRMT1	1	Q99873	
PRMT3	1	O60678	
AMPD2	1	Q01433	
AMPD3	1	Q01432	
PACS1	1	Q6VY07	
FASTKD5	1	Q7L8L6	
B3GNT3	1	Q9Y2A9	
STRAP	1	Q9Y3F4	
ALDOC	1	P09972	
ALDOB	1	P05062	
ALDOA	1	P04075	
UMPS	1	P11172	
TOMM40	1	O96008	
MYCBP	1	Q99417	
WAS	1	P42768	
NPL	1	Q9BXD5	
AKAP1	1	Q92667	
SHOC2	1	Q9UQ13	
DCPS	1	Q96C86	
AAMDC	1	Q9H7C9	
NQO1	1	P15559	
NQO2	1	P16083	
FAH	1	P16930	
C19orf12	1	Q9NSK7	
TJP1	1	Q07157	
TPPP3	1	Q9BW30	
ERG28	1	Q9UKR5	
KRT18	1	P05783	
TRIP10	1	Q15642	
TRIP11	1	Q15643	
TRIP12	1	Q14669	
PRPF31	1	Q8WWY3	
FAU	1	P62861	
TRIP13	1	Q15645	
TJP3	1	O95049	
TOMM6	1	Q96B49	
TJP2	1	Q9UDY2	
HDLBP	1	Q00341	
NUCKS1	1	Q9H1E3	
TOMM20	1	Q15388	
TOMM22	1	Q9NS69	
FBL	1	P22087	
CHCHD3	1	Q9NX63	
FAM186B	1	Q8IYM0	
CHCHD6	1	Q9BRQ6	
POGZ	1	Q7Z3K3	
MEIOC	1	A2RUB1	
CMTR1	1	Q8N1G2	
CHCHD1	1	Q96BP2	
NSF	1	P46459	
PAM16	1	Q9Y3D7	
TOMM34	1	Q15785	
ARID5B	1	Q14865	
OCRL	1	Q01968	
TSC1	1	Q92574	
WRNIP1	1	Q96S55	
TRNT1	1	Q96Q11	
ALDH3A2	1	P51648	
SGO1	1	Q5FBB7	
ALDH3A1	1	P30838	
SGO2	1	Q562F6	
TMEM135	1	Q86UB9	
ILVBL	1	A1L0T0	
TBL1XR1	1	Q9BZK7	
RPL7L1	1	Q6DKI1	
ELMO1	1	Q92556	
ELMO2	1	Q96JJ3	
STAM2	1	O75886	
RAI14	1	Q9P0K7	
ATP6V1A	1	P38606	
H6PD	1	O95479	
LTBP2	1	Q14767	
NID1	1	P14543	
NID2	1	Q14112	
LTBP1	1	Q14766	
SDCBP	1	O00560	
TMEM123	1	Q8N131	
PODXL	1	O00592	
COBLL1	1	Q53SF7	
DNAJC21	1	Q5F1R6	
ZC3H18	1	Q86VM9	
ATP6V1H	1	Q9UI12	
RIPK1	1	Q13546	
ATP6V1D	1	Q9Y5K8	
ZC3H15	1	Q8WU90	
ANKZF1	1	Q9H8Y5	
ATP6V1F	1	Q16864	
HSPA9	1	P38646	
HSPA8	1	P11142	
ACBD5	1	Q5T8D3	
HSPA5	1	P11021	
HSPA4	1	P34932	
EPHX2	1	P34913	
EPHX1	1	P07099	
TBCD	1	Q9BTW9	
DNAJC11	1	Q9NVH1	
TBCC	1	Q15814	
DNAJC13	1	O75165	
TBCB	1	Q99426	
TBCA	1	O75347	
HSPA2	1	P54652	
ACSF3	1	Q4G176	
ACSF2	1	Q96CM8	
DLG1	1	Q12959	
FES	1	P07332	
TBCE	1	Q15813	
DNAJC10	1	Q8IXB1	
TGFBI	1	Q15582	
GRSF1	1	Q12849	
ACBD3	1	Q9H3P7	
CREBZF	1	Q9NS37	
ACADVL	1	P49748	
DOCK3	1	Q8IZD9	
HSPB6	1	O14558	
DOCK9	1	Q9BZ29	
DOCK7	1	Q96N67	
HSPB1	1	P04792	
ELAVL1	1	Q15717	
SGSH	1	P51688	
DHTKD1	1	Q96HY7	
HPF1	1	Q9NWY4	
ALDH2	1	P05091	
KYNU	1	Q16719	
NAPRT	1	Q6XQN6	
FLOT1	1	O75955	
PDE4B	1	Q07343	
FLOT2	1	Q14254	
TMEM109	1	Q9BVC6	
POLK	1	Q9UBT6	
GUSB	1	P08236	
HIBCH	1	Q6NVY1	
SCYL2	1	Q6P3W7	
POLG	1	P54098	
SCYL1	1	Q96KG9	
FGB	1	P02675	
FGA	1	P02671	
TSFM	1	P43897	
DCXR	1	Q7Z4W1	
FGG	1	P02679	
CTPS2	1	Q9NRF8	
CTPS1	1	P17812	
SENP2	1	Q9HC62	
RUSF1	1	Q96GQ5	
PALLD	1	Q8WX93	
EHHADH	1	Q08426	
TRNP1	1	Q6NT89	
LUC7L3	1	O95232	
DOCK2	1	Q92608	
CHMP6	1	Q96FZ7	
DOCK1	1	Q14185	
IGKV2-30	1	P06310	
LUC7L2	1	Q9Y383	
PON3	1	Q15166	
HPGD	1	P15428	
POLDIP2	1	Q9Y2S7	
POLDIP3	1	Q9BY77	
PON2	1	Q15165	
PALM3	1	A6NDB9	
PON1	1	P27169	
POMP	1	Q9Y244	
WIZ	1	O95785	
PRELP	1	P51888	
EEF1AKNMT	1	Q8N6R0	
HSPD1	1	P10809	
STRN3	1	Q13033	
CZIB	1	Q9NWV4	
GMDS	1	O60547	
PALMD	1	Q9NP74	
CDIPT	1	O14735	
CLASP1	1	Q7Z460	
PTCD3	1	Q96EY7	
NIFK	1	Q9BYG3	
SGTA	1	O43765	
PDE4DIP	1	Q5VU43	
ARID3A	1	Q99856	
HSPE1	1	P61604	
RMC1	1	Q96DM3	
RGS10	1	O43665	
GMFB	1	P60983	
SLC4A1AP	1	Q9BWU0	
GMFG	1	O60234	
NOC2L	1	Q9Y3T9	
F11R	1	Q9Y624	
RAVER1	1	Q8IY67	
AKT2	1	P31751	
C3AR1	1	Q16581	
MLYCD	1	O95822	
ARPIN	1	Q7Z6K5	
ATG3	1	Q9NT62	
TSTD3	1	H0UI37	
ENDOG	1	Q14249	
TSTD1	1	Q8NFU3	
PHKA2	1	P46019	
CD2AP	1	Q9Y5K6	
RABL3	1	Q5HYI8	
TMEM126A	1	Q9H061	
MT-CO2	1	P00403	
MT-CO3	1	P00414	
FLG	1	P20930	
EXD1	1	Q8NHP7	
TSTA3	1	Q13630	
CIAO1	1	O76071	
SULT1A1	1	P50225	
RHOT2	1	Q8IXI1	
RNF213	1	Q63HN8	
RHOT1	1	Q8IXI2	
EPB41L2	1	O43491	
AFMID	1	Q63HM1	
EPB41L3	1	Q9Y2J2	
ATG7	1	O95352	
ATG5	1	Q9H1Y0	
FUCA1	1	P04066	
CYP4F2	1	P78329	
CYP4F3	1	Q08477	
FN1	1	P02751	
SULT1B1	1	O43704	
TBL3	1	Q12788	
TBL2	1	Q9Y4P3	
PRXL2A	1	Q9BRX8	
FASN	1	P49327	
MTMR14	1	Q8NCE2	
ARHGAP1	1	Q07960	
MED16	1	Q9Y2X0	
ARHGAP4	1	P98171	
MECP2	1	P51608	
SULT1C2	1	O00338	
ATIC	1	P31939	
MED13	1	Q9UHV7	
TSPO	1	P30536	
ENOPH1	1	Q9UHY7	
GATD1	1	Q8NB37	
EPS15L1	1	Q9UBC2	
BAZ1B	1	Q9UIG0	
SLC39A14	1	Q15043	
DDB1	1	Q16531	
PXDN	1	Q92626	
L2HGDH	1	Q9H9P8	
ERGIC2	1	Q96RQ1	
ERGIC1	1	Q969X5	
OAT	1	P04181	
ATL3	1	Q6DD88	
NIP7	1	Q9Y221	
ATL2	1	Q8NHH9	
DLST	1	P36957	
NOC4L	1	Q9BVI4	
ABCB11	1	O95342	
EGFR	1	P00533	
OR4S1	1	Q8NGB4	
NRAS	1	P01111	
EXOSC10	1	Q01780	
SULT1E1	1	P49888	
PRR14L	1	Q5THK1	
MFN1	1	Q8IWA4	
MFN2	1	O95140	
CENPV	1	Q7Z7K6	
GOLM2	1	Q6P4E1	
GOLM1	1	Q8NBJ4	
COL22A1	1	Q8NFW1	
NOC3L	1	Q8WTT2	
CROCC2	1	H7BZ55	
NUDT21	1	O43809	
COL3A1	1	P02461	
RABIF	1	P47224	
CENPF	1	P49454	
ABCB10	1	Q9NRK6	
TAOK3	1	Q9H2K8	
TSR1	1	Q2NL82	
CENPP	1	Q6IPU0	
CRAT	1	P43155	
FRYL	1	O94915	
SIGLEC5	1	O15389	
LIMS1	1	P48059	
SLC27A1	1	Q6PCB7	
LTN1	1	O94822	
PLOD3	1	O60568	
PLOD2	1	O00469	
HIKESHI	1	Q53FT3	
PLOD1	1	Q02809	
NUDT19	1	A8MXV4	
NUDT16	1	Q96DE0	
SYBU	1	Q9NX95	
IST1	1	P53990	
TBR1	1	Q16650	
CNPY2	1	Q9Y2B0	
CNPY3	1	Q9BT09	
TPST2	1	O60704	
ATXN2L	1	Q8WWM7	
ACLY	1	P53396	
NAAA	1	Q02083	
SLC27A3	1	Q5K4L6	
SLC27A2	1	O14975	
SLC27A5	1	Q9Y2P5	
FTL	1	P02792	
SLC27A4	1	Q6P1M0	
KHDRBS1	1	Q07666	
INO80B	1	Q9C086	
SHC1	1	P29353	
SMYD5	1	Q6GMV2	
GMPS	1	P49915	
LIN7C	1	Q9NUP9	
CORO1A	1	P31146	
CORO1B	1	Q9BR76	
HSP90B1	1	P14625	
CORO1C	1	Q9ULV4	
SLC9A3R2	1	Q15599	
SLC9A3R1	1	O14745	
TKFC	1	Q3LXA3	
HNRNPDL	1	O14979	
G3BP1	1	Q13283	
PGK1	1	P00558	
G3BP2	1	Q9UN86	
BRIX1	1	Q8TDN6	
PGK2	1	P07205	
NAE1	1	Q13564	
SMYD3	1	Q9H7B4	
CD276	1	Q5ZPR3	
TXNDC5	1	Q8NBS9	
FUS	1	P35637	
AGXT2	1	Q9BYV1	
NRDC	1	O43847	
OGA	1	O60502	
ARPC4	1	P59998	
ARPC5	1	O15511	
CORO2B	1	Q9UQ03	
ARPC2	1	O15144	
ARPC3	1	O15145	
DMXL1	1	Q9Y485	
OGN	1	P20774	
TBXAS1	1	P24557	
LCN2	1	P80188	
ACO1	1	P21399	
ACO2	1	Q99798	
NIT1	1	Q86X76	
OGT	1	O15294	
NIT2	1	Q9NQR4	
ITGB1	1	P05556	
MCFD2	1	Q8NI22	
ITGAM	1	P11215	
ITGB5	1	P18084	
NUMA1	1	Q14980	
SNAP23	1	O00161	
ITGB2	1	P05107	
RMND1	1	Q9NWS8	
ELFN2	1	Q5R3F8	
CDC73	1	Q6P1J9	
ALAD	1	P13716	
ZNRD2	1	O60232	
PPP6R1	1	Q9UPN7	
PPP6R2	1	O75170	
DDI2	1	Q5TDH0	
ACP6	1	Q9NPH0	
PGM3	1	O95394	
ITGAX	1	P20702	
UGT2A3	1	Q6UWM9	
PGM2	1	Q96G03	
ITGAV	1	P06756	
ACP2	1	P11117	
PGM5	1	Q15124	
PGLS	1	O95336	
ITGB6	1	P18564	
UGT2A1	1	Q9Y4X1	
SNAP29	1	O95721	
ACP1	1	P24666	
PGM1	1	P36871	
ACTR3	1	P61158	
EIF5A	1	P63241	
EIF5B	1	O60841	
ACTR2	1	P61160	
ITGA4	1	P13612	
ITGA3	1	P26006	
ITGA2	1	P17301	
CEP295	1	Q9C0D2	
COMMD10	1	Q9Y6G5	
ITGA1	1	P56199	
AHSA1	1	O95433	
SPTB	1	P11277	
RRM2B	1	Q7LG56	
MYO3A	1	Q8NEV4	
UGT2B4	1	P06133	
ITGA6	1	P23229	
TMBIM6	1	P55061	
LCP2	1	Q13094	
ITGA5	1	P08648	
LCP1	1	P13796	
FXN	1	Q16595	
SMIM20	1	Q8N5G0	
UGT2B7	1	P16662	
PRPS2	1	P11908	
ROCK1	1	Q13464	
ROCK2	1	O75116	
PBXIP1	1	Q96AQ6	
FOXRED1	1	Q96CU9	
CDC42	1	P60953	
PHKG2	1	P15735	
EIF4H	1	Q15056	
IGF2BP1	1	Q9NZI8	
IGF2BP3	1	O00425	
FYN	1	P06241	
IGF2BP2	1	Q9Y6M1	
HNRNPA1	1	P09651	
PCDH1	1	Q08174	
EIF4E	1	P06730	
EIF4B	1	P23588	
HNRNPA0	1	Q13151	
GADD45GIP1	1	Q8TAE8	
MARCKSL1	1	P49006	
HNRNPA3	1	P51991	
NAGA	1	P17050	
CDC5L	1	Q99459	
HNRNPAB	1	Q99729	
TBX3	1	O15119	
SUGCT	1	Q9HAC7	
MYO1D	1	O94832	
MYO1E	1	Q12965	
OR51V1	1	Q9H2C8	
MYO1B	1	O43795	
EIF3M	1	Q7L2H7	
MYO1C	1	O00159	
SUCLA2	1	Q9P2R7	
NAGK	1	Q9UJ70	
EIF3K	1	Q9UBQ5	
MYO1A	1	Q9UBC5	
EIF3L	1	Q9Y262	
EIF3I	1	Q13347	
EIF3J	1	O75822	
EIF3G	1	O75821	
EIF3H	1	O15372	
EIF3E	1	P60228	
STUB1	1	Q9UNE7	
EIF3F	1	O00303	
NAGS	1	Q8N159	
ATXN10	1	Q9UBB4	
PIK3AP1	1	Q6ZUJ8	
EIF3D	1	O15371	
SHFL	1	Q9NUL5	
MYO1F	1	O00160	
EIF3A	1	Q14152	
MYO1G	1	B0I1T2	
EIF3B	1	P55884	
DMGDH	1	Q9UI17	
SMARCB1	1	Q12824	
PPAN	1	Q9NQ55	
NUDT5	1	Q9UKK9	
NUDT3	1	O95989	
CRKL	1	P46109	
NUDT4	1	Q9NZJ9	
HERC4	1	Q5GLZ8	
CDC23	1	Q9UJX2	
SNRPD2	1	P62316	
SNRPD1	1	P62314	
PPAT	1	Q06203	
CDC27	1	P30260	
CPNE1	1	Q99829	
CPNE3	1	O75131	
EIF2D	1	P41214	
SNRPD3	1	P62318	
PTGFRN	1	Q9P2B2	
ATP6V1E1	1	P36543	
CCDC93	1	Q567U6	
EIF2A	1	Q9BY44	
ATP6V1G1	1	O75348	
SMARCC1	1	Q92922	
SMARCC2	1	Q8TAQ2	
ALG9	1	Q9H6U8	
ACTN1	1	P12814	
ALG5	1	Q9Y673	
CIRBP	1	Q14011	
ALG2	1	Q9H553	
TALDO1	1	P37837	
CSNK1D	1	P48730	
MOGS	1	Q13724	
ACTN4	1	O43707	
ALG1	1	Q9BT22	
MFSD10	1	Q14728	
ADGRB2	1	O60241	
PPA2	1	Q9H2U2	
PPA1	1	Q15181	
CDC37	1	Q16543	
CSNK2B	1	P67870	
KCTD12	1	Q96CX2	
SLC45A4	1	Q5BKX6	
NUMBL	1	Q9Y6R0	
TBC1D9B	1	Q66K14	
EPB41	1	P11171	
FBF1	1	Q8TES7	
GSPT2	1	Q8IYD1	
GSPT1	1	P15170	
SEC14L2	1	O76054	
PPCS	1	Q9HAB8	
SEC14L4	1	Q9UDX3	
ATP6V1C1	1	P21283	
TBC1D8B	1	Q0IIM8	
DMAC2L	1	Q99766	
OR51I2	1	Q9H344	
SMARCA5	1	O60264	
RAB27A	1	P51159	
BSDC1	1	Q9NW68	
SMARCA1	1	P28370	
SMARCA2	1	P51531	
SMARCA4	1	P51532	
AIMP1	1	Q12904	
AIMP2	1	Q13155	
ALDH6A1	1	Q02252	
EPRS1	1	P07814	
CALU	1	O43852	
KYAT3	1	Q6YP21	
ECHDC1	1	Q9NTX5	
ECHDC2	1	Q86YB7	
ECHDC3	1	Q96DC8	
CALR	1	P27797	
CIBAR2	1	Q6ZTR7	
NRP1	1	O14786	
SYNM	1	O15061	
ACY1	1	Q03154	
OTUD7A	1	Q8TE49	
NAT10	1	Q9H0A0	
CROT	1	Q9UKG9	
AKAP13	1	Q12802	
NUDCD3	1	Q8IVD9	
ODR4	1	Q5SWX8	
NUDCD2	1	Q8WVJ2	
NUDCD1	1	Q96RS6	
OTUD6B	1	Q8N6M0	
CHAMP1	1	Q96JM3	
UFD1	1	Q92890	
MUC13	1	Q9H3R2	
EPG5	1	Q9HCE0	
NANS	1	Q9NR45	
SPTAN1	1	Q13813	
CAMP	1	P49913	
HTATIP2	1	Q9BUP3	
CAP1	1	Q01518	
OR5F1	1	O95221	
GAA	1	P10253	
PABPC4	1	Q13310	
IL18	1	Q14116	
IL16	1	Q14005	
GAK	1	O14976	
ZADH2	1	Q8N4Q0	
CANX	1	P27824	
UFC1	1	Q9Y3C8	
PABPC1	1	P11940	
EEF1E1	1	O43324	
MFGE8	1	Q08431	
NAPA	1	P54920	
TAGLN	1	Q01995	
CAB39	1	Q9Y376	
GBA	1	P04062	
C1orf35	1	Q9BU76	
GNAI3	1	P08754	
HSD17B4	1	P51659	
CAPG	1	P40121	
HSD17B6	1	O14756	
HSD17B7	1	P56937	
HSD17B8	1	Q92506	
GNAI1	1	P63096	
RELA	1	Q04206	
NAPG	1	Q99747	
GNAI2	1	P04899	
OS9	1	Q13438	
PDZD11	1	Q5EBL8	
HSD17B2	1	P37059	
CHRNA10	1	Q9GZZ6	
MGAT1	1	P26572	
EPS15	1	P42566	
XDH	1	P47989	
CAP2	1	P40123	
GABBR2	1	O75899	
MON2	1	Q7Z3U7	
GCA	1	P28676	
PNPLA7	1	Q6ZV29	
H2BC1	1	Q96A08	
TTC1	1	Q99614	
MYO9B	1	Q13459	
PCDHB12	1	Q9Y5F1	
MYO9A	1	B2RTY4	
GCK	1	P35557	
HYPK	1	Q9NX55	
BOP1	1	Q14137	
NUDT8	1	Q8WV74	
HNRNPA2B1	1	P22626	
OTULIN	1	Q96BN8	
TCEA1	1	P23193	
PNPLA6	1	Q8IY17	
RTN4IP1	1	Q8WWV3	
OTC	1	P00480	
SRP19	1	P09132	
UBE3C	1	Q15386	
GDA	1	Q9Y2T3	
RPP30	1	P78346	
PEBP1	1	P30086	
UBE3A	1	Q05086	
NR3C1	1	P04150	
SRP14	1	P37108	
YARS1	1	P54577	
UBE2Z	1	Q9H832	
YARS2	1	Q9Y2Z4	
TMEM263	1	Q8WUH6	
EEF1B2	1	P24534	
AKR7A2	1	O43488	
AKR7A3	1	O95154	
CAST	1	P20810	
CASK	1	O14936	
UBE4A	1	Q14139	
CDKAL1	1	Q5VV42	
COX6B1	1	P14854	
SCNN1G	1	P51170	
TMEM256	1	Q8N2U0	
MAP7D1	1	Q3KQU3	
SHPK	1	Q9UHJ6	
EEF1A2	1	Q05639	
PPIF	1	P30405	
WDFY1	1	Q8IWB7	
TBC1D24	1	Q9ULP9	
PPIE	1	Q9UNP9	
PPIH	1	O43447	
PPIG	1	Q13427	
TBC1D23	1	Q9NUY8	
PPIB	1	P23284	
CARS1	1	P49589	
PPIA	1	P62937	
WDFY4	1	Q6ZS81	
CARS2	1	Q9HA77	
PPID	1	Q08752	
DDX6	1	P26196	
DDX5	1	P17844	
DIABLO	1	Q9NR28	
DDX1	1	Q92499	
C8orf48	1	Q96LL4	
ADGRG4	1	Q8IZF6	
VCPIP1	1	Q96JH7	
TMEM245	1	Q9H330	
IRAK2	1	O43187	
DHRS7B	1	Q6IAN0	
VILL	1	O15195	
TBC1D17	1	Q9HA65	
TBC1D15	1	Q8TC07	
EEFSEC	1	P57772	
CRTAP	1	O75718	
PDHA1	1	P08559	
VCAM1	1	P19320	
UBE2I	1	P63279	
CAV2	1	P51636	
CAV1	1	Q03135	
RARRES2	1	Q99969	
GGH	1	Q92820	
TJAP1	1	Q5JTD0	
TMEM230	1	Q96A57	
VIL1	1	P09327	
GNAO1	1	P09471	
NAT8	1	Q9UHE5	
NAT1	1	P18440	
NASP	1	P49321	
GNAQ	1	P50148	
UBE2N	1	P61088	
UBE2K	1	P61086	
GALK2	1	Q01415	
SLC35E2A	1	P0CK97	
FBN1	1	P35555	
GALK1	1	P51570	
UBE2M	1	P61081	
DYRK4	1	Q9NR20	
HP1BP3	1	Q5SSJ5	
NGLY1	1	Q96IV0	
DPY30	1	Q9C005	
ADAR	1	P55265	
UFL1	1	O94874	
ADGRE5	1	P48960	
RB1CC1	1	Q8TDY2	
MYO18B	1	Q8IUG5	
MYO18A	1	Q92614	
MAN1A1	1	P33908	
GET3	1	O43681	
GET4	1	Q7L5D6	
DCAKD	1	Q8WVC6	
CYP4A11	1	Q02928	
EPN1	1	Q9Y6I3	
TAPBP	1	O15533	
SETBP1	1	Q9Y6X0	
ATP6V1B2	1	P21281	
CHI3L1	1	P36222	
LDAH	1	Q9H6V9	
FBP1	1	P09467	
FBP2	1	O00757	
OTUB1	1	Q96FW1	
AGPAT5	1	Q9NUQ2	
NAXE	1	Q8NCW5	
REP15	1	Q6BDI9	
DNAH5	1	Q8TE73	
RAP1GDS1	1	P52306	
C8orf82	1	Q6P1X6	
PPOX	1	P50336	
AGPAT1	1	Q99943	
ADD3	1	Q9UEY8	
RNF5	1	Q99942	
ADD1	1	P35611	
AGPAT3	1	Q9NRZ7	
CRYZ	1	Q08257	
PABPN1	1	Q86U42	
TRA2B	1	P62995	
TMEM205	1	Q6UW68	
TRA2A	1	Q13595	
CRYM	1	Q14894	
ARFGEF2	1	Q9Y6D5	
FAHD1	1	Q6P587	
SSRP1	1	Q08945	
GALNS	1	P34059	
UFM1	1	P61960	
CARM1	1	Q86X55	
NAXD	1	Q8IW45	
SUGT1	1	Q9Y2Z0	
SNTB1	1	Q13884	
SNTB2	1	Q13425	
NCKAP1	1	Q9Y2A7	
RNH1	1	P13489	
ARPC5L	1	Q9BPX5	
HNRNPU	1	Q00839	
HNRNPR	1	O43390	
PHB2	1	Q99623	
GLS	1	O94925	
NYNRIN	1	Q9P2P1	
AP1S2	1	P56377	
AP1S1	1	P61966	
CDK5RAP3	1	Q96JB5	
CDK5RAP2	1	Q96SN8	
ADGB	1	Q8N7X0	
DDX18	1	Q9NVP1	
MAP1S	1	Q66K74	
SCRIB	1	Q14160	
FNDC3A	1	Q9Y2H6	
GTPBP1	1	O00178	
GTPBP4	1	Q9BZE4	
MAP1B	1	P46821	
ADPRS	1	Q9NX46	
ASTN1	1	O14525	
GNE	1	Q9Y223	
LRPAP1	1	P30533	
SEH1L	1	Q96EE3	
PDXDC1	1	Q6P996	
CTBP1	1	Q13363	
XPC	1	Q01831	
GNS	1	P15586	
ADH5	1	P11766	
ADH6	1	P28332	
LDHB	1	P07195	
ADH4	1	P08319	
LDHA	1	P00338	
NTHL1	1	P78549	
TTPA	1	P49638	
LDHD	1	Q86WU2	
HMOX1	1	P09601	
MCMBP	1	Q9BTE3	
NCKAP1L	1	P55160	
IGHA1	1	P01876	
HMOX2	1	P30519	
NAA50	1	Q9GZZ1	
SNAPIN	1	O95295	
STARD10	1	Q9Y365	
IRF2BP2	1	Q7Z5L9	
RMDN3	1	Q96TC7	
RMDN2	1	Q96LZ7	
RMDN1	1	Q96DB5	
HNRNPL	1	P14866	
EHD1	1	Q9H4M9	
HNRNPM	1	P52272	
SQLE	1	Q14534	
EHD2	1	Q9NZN4	
EHD3	1	Q9NZN3	
HNRNPK	1	P61978	
EHD4	1	Q9H223	
ADI1	1	Q9BV57	
PAH	1	P00439	
HNRNPF	1	P52597	
TOLLIP	1	Q9H0E2	
PPT1	1	P50897	
HNRNPD	1	Q14103	
MMS19	1	Q96T76	
HNRNPC	1	P07910	
CEP85	1	Q6P2H3	
PCDHB3	1	Q9Y5E6	
FARSA	1	Q9Y285	
ITPA	1	Q9BY32	
FARSB	1	Q9NSD9	
PHF3	1	Q92576	
GPI	1	P06744	
PYGB	1	P11216	
ARPC1B	1	O15143	
ARPC1A	1	Q92747	
GPT	1	P24298	
PYGL	1	P06737	
PHF6	1	Q8IWS0	
VSIG10	1	Q8N0Z9	
ABCC12	1	Q96J65	
FARS2	1	O95363	
AIFM1	1	O95831	
AIFM2	1	Q9BRQ8	
PEA15	1	Q15121	
TIMP1	1	P01033	
JARID2	1	Q92833	
C10orf71	1	Q711Q0	
ELMOD2	1	Q8IZ81	
NUTF2	1	P61970	
GNL2	1	Q13823	
GNL1	1	P36915	
GNL3	1	Q9BVP2	
GCHFR	1	P30047	
HADHB	1	P55084	
APBB1IP	1	Q7Z5R6	
HADHA	1	P40939	
TUBB2A	1	Q13885	
TCP1	1	P17987	
C10orf67	1	Q8IYJ2	
PLEKHO2	1	Q8TD55	
MGLL	1	Q99685	
NBAS	1	A2RRP1	
CDC123	1	O75794	
RNMT	1	O43148	
TIMM9	1	Q9Y5J7	
GPNMB	1	Q14956	
EPCAM	1	P16422	
NSD1	1	Q96L73	
SIAE	1	Q9HAT2	
FARP2	1	O94887	
FARP1	1	Q9Y4F1	
YTHDF1	1	Q9BYJ9	
GSN	1	P06396	
DMTN	1	Q08495	
YTHDF3	1	Q7Z739	
MGMT	1	P16455	
CSNK1A1	1	P48729	
GSS	1	P48637	
GLYCTK	1	Q8IVS8	
GSR	1	P00390	
SQOR	1	Q9Y6N5	
SYNJ2BP	1	P57105	
TUBB4B	1	P68371	
DHRS1	1	Q96LJ7	
TUBB4A	1	P04350	
DHRS2	1	Q13268	
DHRS3	1	O75911	
SCAF4	1	O95104	
GNMT	1	Q14749	
DHRS4	1	Q9BTZ2	
DHRS7	1	Q9Y394	
CYP20A1	1	Q6UW02	
NUCB1	1	Q02818	
NUCB2	1	P80303	
CEP44	1	Q9C0F1	
PRORP	1	O15091	
RAB3D	1	O95716	
PROS1	1	P07225	
SYAP1	1	Q96A49	
AUP1	1	Q9Y679	
RPL10A	1	P62906	
VIRMA	1	Q69YN4	
TM7SF2	1	O76062	
RAB43	1	Q86YS6	
IGHG4	1	P01861	
NRBP2	1	Q9NSY0	
IGHG2	1	P01859	
LAMP1	1	P11279	
SLCO2B1	1	O94956	
MPC2	1	O95563	
PAPOLG	1	Q9BWT3	
LAMP3	1	Q9UQV4	
LAMP2	1	P13473	
ZNF326	1	Q5BKZ1	
SLC39A7	1	Q92504	
CLCC1	1	Q96S66	
HMGN1	1	P05114	
RAB2A	1	P61019	
RARS2	1	Q5T160	
SUPT16H	1	Q9Y5B9	
RARS1	1	P54136	
CEP135	1	Q66GS9	
PGD	1	P52209	
VRK3	1	Q8IV63	
THNSL1	1	Q8IYQ7	
TLE7	1	A0A1W2PR48	
ILF2	1	Q12905	
NRBP1	1	Q9UHY1	
RAB32	1	Q13637	
ILF3	1	Q12906	
EBNA1BP2	1	Q99848	
RAB35	1	Q15286	
PGP	1	A6NDG6	
SNRNP27	1	Q8WVK2	
SNRPE	1	P62304	
SNRPF	1	P62306	
SREK1	1	Q8WXA9	
SNRPC	1	P09234	
SNRPA	1	P09012	
ZNF311	1	Q5JNZ3	
RAB5B	1	P61020	
RAB5C	1	P51148	
FAM114A1	1	Q8IWE2	
FAM114A2	1	Q9NRY5	
CCDC25	1	Q86WR0	
PHB	1	P35232	
AEBP1	1	Q8IUX7	
HSPBP1	1	Q9NZL4	
GOLGA7B	1	Q2TAP0	
IGLV1-47	1	P01700	
DDRGK1	1	Q96HY6	
RAB6A	1	P20340	
MPDZ	1	O75970	
AP1M1	1	Q9BXS5	
EIF2B5	1	Q13144	
TRAPPC3	1	O43617	
SEC16B	1	Q96JE7	
CCDC17	1	Q96LX7	
EIF2B4	1	Q9UI10	
RAB4A	1	P20338	
CEP112	1	Q8N8E3	
EIF2B3	1	Q9NR50	
EIF2B2	1	P49770	
RAB4B	1	P61018	
AMBP	1	P02760	
CCDC12	1	Q8WUD4	
SEC16A	1	O15027	
TMEM132B	1	Q14DG7	
TRAPPC4	1	Q9Y296	
TMEM132A	1	Q24JP5	
TRAPPC5	1	Q8IUR0	
PYM1	1	Q9BRP8	
PHKB	1	Q93100	
TRAPPC8	1	Q9Y2L5	
P4HA1	1	P13674	
REEP5	1	Q00765	
P4HA2	1	O15460	
PIR	1	O00625	
PLXNB2	1	O15031	
CCDC22	1	O60826	
REEP6	1	Q96HR9	
RAB5A	1	P20339	
DIDO1	1	Q9BTC0	
PLEKHF1	1	Q96S99	
WDR1	1	O75083	
CCDC47	1	Q96A33	
WDR3	1	Q9UNX4	
TCIRG1	1	Q13488	
FTCD	1	O95954	
H1-10	1	Q92522	
RO60	1	P10155	
AP1G2	1	O75843	
SCRN1	1	Q12765	
AP1G1	1	O43747	
SNRNP70	1	P08621	
SCRN2	1	Q96FV2	
RNPEP	1	Q9H4A4	
IDH3B	1	O43837	
WDR5	1	P61964	
CEP170	1	Q5SW79	
WDR7	1	Q9Y4E6	
EMILIN1	1	Q9Y6C2	
HMGCS2	1	P54868	
EIF2B1	1	Q14232	
CCDC50	1	Q8IVM0	
IDH3A	1	P50213	
CCDC51	1	Q96ER9	
RFC5	1	P40937	
SLC13A1	1	Q9BZW2	
ADSL	1	P30566	
RFC3	1	P40938	
RFC4	1	P35249	
UGT1A1	1	P22309	
HMGCS1	1	Q01581	
RFC2	1	P35250	
CEMIP2	1	Q9UHN6	
RPL13A	1	P40429	
HAUS5	1	O94927	
BPGM	1	P07738	
PKM	1	P14618	
POLR1C	1	O15160	
PECAM1	1	P16284	
RAB1A	1	P62820	
PLEKHH2	1	Q8IVE3	
NUFIP2	1	Q7Z417	
RAB1B	1	Q9H0U4	
PLG	1	P00747	
CYP3A4	1	P08684	
CYP3A5	1	P20815	
BPHL	1	Q86WA6	
LMF2	1	Q9BU23	
CYP3A7	1	P24462	
SELENBP1	1	Q13228	
RAB21	1	Q9UL25	
CXorf56	1	Q9H5V9	
RAB20	1	Q9NX57	
FIP1L1	1	Q6UN15	
MSTO1	1	Q9BUK6	
POLR2B	1	P30876	
POLR2C	1	P19387	
RAB29	1	O14966	
POLR2E	1	P19388	
UGT1A4	1	P22310	
UGT1A3	1	P35503	
POLR2G	1	P62487	
ASCC2	1	Q9H1I8	
POLR2H	1	P52434	
ASCC3	1	Q8N3C0	
UGT1A9	1	O60656	
SEC11A	1	P67812	
UGT1A7	1	Q9HAW7	
FKTN	1	O75072	
UGT1A6	1	P19224	
POLR2L	1	P62875	
PPIL1	1	Q9Y3C6	
IDH3G	1	P51553	
KRR1	1	Q13601	
ASCC1	1	Q8N9N2	
CCDC58	1	Q4VC31	
CYP51A1	1	Q16850	
FBXL18	1	Q96ME1	
IGHV4-28	1	A0A0C4DH34	
GFER	1	P55789	
PML	1	P29590	
RAB10	1	P61026	
P2RX7	1	Q99572	
SNRNP40	1	Q96DI7	
P2RX3	1	P56373	
RAB14	1	P61106	
VAPA	1	Q9P0L0	
VAPB	1	O95292	
PSAT1	1	Q9Y617	
RAB13	1	P51153	
RAB18	1	Q9NP72	
PPIL3	1	Q9H2H8	
CCDC60	1	Q8IWA6	
PPIL4	1	Q8WUA2	
TNRC6A	1	Q8NDV7	
NECTIN2	1	Q92692	
ISCA2	1	Q86U28	
GFI1	1	Q99684	
CISD1	1	Q9NZ45	
CISD2	1	Q8N5K1	
PPP2R2A	1	P63151	
KLHDC7B	1	Q96G42	
PNN	1	Q9H307	
PNP	1	P00491	
RPL18A	1	Q02543	
PPP2R1A	1	P30153	
FLAD1	1	Q8NFF5	
RPL36AL	1	Q969Q0	
FTH1	1	P02794	
LONP1	1	P36776	
LONP2	1	Q86WA8	
DENR	1	O43583	
KAT7	1	O95251	
CIAO2A	1	Q9H5X1	
SEPHS1	1	P49903	
CIAO2B	1	Q9Y3D0	
SEPHS2	1	Q99611	
ESCO1	1	Q5FWF5	
METTL1	1	Q9UBP6	
TINF2	1	Q9BSI4	
AP1B1	1	Q10567	
POR	1	P16435	
AZGP1	1	P25311	
KATNAL2	1	Q8IYT4	
ZW10	1	O43264	
SUCLG2	1	Q96I99	
SUCLG1	1	P53597	
TLN2	1	Q9Y4G6	
ATP6V0D1	1	P61421	
TLN1	1	Q9Y490	
DCUN1D1	1	Q96GG9	
TWIST1	1	Q15672	
HTATSF1	1	O43719	
PPL	1	O60437	
TP53BP1	1	Q12888	
SPTBN1	1	Q01082	
SPTBN2	1	O15020	
ATP6V0A1	1	Q93050	
VASP	1	P50552	
VAT1	1	Q99536	
ZRANB2	1	O95218	
PYCR1	1	P32322	
ATPSCKMT	1	Q6P4H8	
PYCR2	1	Q96C36	
PYCR3	1	Q53H96	
DERA	1	Q9Y315	
PM20D1	1	Q6GTS8	
HAL	1	P42357	
FUBP3	1	Q96I24	
FUBP1	1	Q96AE4	
RNPS1	1	Q15287	
MAGED2	1	Q9UNF1	
TOP2A	1	P11388	
COL18A1	1	P39060	
TOP2B	1	Q02880	
ROBO4	1	Q8WZ75	
GFM1	1	Q96RP9	
HIP1	1	O00291	
GFM2	1	Q969S9	
HBB	1	P68871	
HBD	1	P02042	
MAGT1	1	Q9H0U3	
ROBO1	1	Q9Y6N7	
XPO1	1	O14980	
CHMP1B	1	Q7LBR1	
SLC22A18	1	Q96BI1	
SH3PXD2B	1	A1X283	
XPO5	1	Q9HAV4	
HRAS	1	P01112	
RAB8A	1	P61006	
RAB8B	1	Q92930	
TOP3B	1	O95985	
CBR1	1	P16152	
TUBB	1	P07437	
BHMT2	1	Q9H2M3	
PROX1	1	Q92786	
PPRC1	1	Q5VV67	
CBFA2T3	1	O75081	
RENBP	1	P51606	
VAV1	1	P15498	
VAV2	1	P52735	
UGDH	1	O60701	
HCK	1	P08631	
ALDH5A1	1	P51649	
HNRNPH1	1	P31943	
HNRNPH2	1	P55795	
HNRNPH3	1	P31942	
RAB7A	1	P51149	
C1QA	1	P02745	
CSTB	1	P04080	
CSTA	1	P01040	
ADH1C	1	P00326	
ADH1B	1	P00325	
ADH1A	1	P07327	
HAAO	1	P46952	
SAA4	1	P35542	
CST3	1	P01034	
NT5C	1	Q8TCD5	
LIMA1	1	Q9UHB6	
NT5E	1	P21589	
LMNA	1	P02545	
METTL4	1	Q8N3J2	
KANSL1L	1	A0AUZ9	
CBR4	1	Q8N4T8	
CBR3	1	O75828	
RTRAF	1	Q9Y224	
UBL4A	1	P11441	
MPP1	1	Q00013	
ATP5PF	1	P18859	
ATP5PD	1	O75947	
MYEF2	1	Q9P2K5	
ATP5PB	1	P24539	
PTGES2	1	Q9H7Z7	
PTGES3	1	Q15185	
XPO7	1	Q9UIA9	
SORBS2	1	O94875	
SORBS1	1	Q9BX66	
SORBS3	1	O60504	
MPP6	1	Q9NZW5	
RAB11B	1	Q15907	
XPOT	1	O43592	
CAPZA1	1	P52907	
CAPZA2	1	P47755	
NBR1	1	Q14596	
SAA1	1	P0DJI8	
ATP5PO	1	P48047	
C1QC	1	P02747	
RIPOR2	1	Q9Y4F9	
RIPOR1	1	Q6ZS17	
TATDN1	1	Q6P1N9	
NARS1	1	O43776	
NARS2	1	Q96I59	
COTL1	1	Q14019	
NRCAM	1	Q92823	
HADH	1	Q16836	
PHYH	1	O14832	
KDM2A	1	Q9Y2K7	
HGD	1	Q93099	
ANXA13	1	P27216	
ANXA11	1	P50995	
NOSIP	1	Q9Y314	
LMO7	1	Q8WWI1	
ALG11	1	Q2TAA5	
LZTFL1	1	Q9NQ48	
TUFM	1	P49411	
PRPF4	1	O43172	
PRPF6	1	O94906	
HGS	1	O14964	
PRPF3	1	O43395	
CHMP4B	1	Q9H444	
CHMP4A	1	Q9BY43	
ATP5MD	1	Q96IX5	
IDI1	1	Q13907	
FBLN1	1	P23142	
FBLN2	1	P98095	
PRPF8	1	Q6P2Q9	
FBLN5	1	Q9UBX5	
FAM83H	1	Q6ZRV2	
MYG1	1	Q9HB07	
FAM83E	1	Q2M2I3	
NLRP6	1	P59044	
NLRP7	1	Q8WX94	
UAP1L1	1	Q3KQV9	
RPRD1B	1	Q9NQG5	
RPRD1A	1	Q96P16	
ATP5MG	1	O75964	
ATP5MF	1	P56134	
FAM83B	1	Q5T0W9	
ATP5ME	1	P56385	
MPST	1	P25325	
CYP2J2	1	P51589	
CBX5	1	P45973	
CBX3	1	Q13185	
IDH1	1	O75874	
RHBDD1	1	Q8TEB9	
IDH2	1	P48735	
CBX1	1	P83916	
TRPV2	1	Q9Y5S1	
EIF2S2	1	P20042	
EIF2S1	1	P05198	
SEPSECS	1	Q9HD40	
EIF2S3	1	P41091	
AMACR	1	Q9UHK6	
CAPRIN1	1	Q14444	
CHMP2B	1	Q9UQN3	
CHMP2A	1	O43633	
PI4KA	1	P42356	
DYNLRB1	1	Q9NP97	
LRP10	1	Q7Z4F1	
SAE1	1	Q9UBE0	
AVEN	1	Q9NQS1	
SOWAHC	1	Q53LP3	
YBX1	1	P67809	
FBLL1	1	A6NHQ2	
YBX3	1	P16989	
HAPLN4	1	Q86UW8	
HK2	1	P52789	
HK1	1	P19367	
IRF2BPL	1	Q9H1B7	
HK3	1	P52790	
CASP8	1	Q14790	
CASP6	1	P55212	
PPP2R5E	1	Q16537	
CASP3	1	P42574	
CASP1	1	P29466	
PROSER2	1	Q86WR7	
PPP2R5A	1	Q15172	
PPP2R5D	1	Q14738	
SAFB	1	Q15424	
DNM2	1	P50570	
TRAPPC6B	1	Q86SZ2	
RASA1	1	P20936	
RFT1	1	Q96AA3	
PFDN1	1	O60925	
MYH9	1	P35579	
PFDN2	1	Q9UHV9	
HAGH	1	Q16775	
PFDN4	1	Q9NQP4	
PFDN5	1	Q99471	
PFDN6	1	O15212	
VAC14	1	Q08AM6	
COLEC11	1	Q9BWP8	
STOML2	1	Q9UJZ1	
ETFDH	1	Q16134	
ABRAXAS2	1	Q15018	
THBS2	1	P35442	
THBS1	1	P07996	
TBRG4	1	Q969Z0	
GNA13	1	Q14344	
UGP2	1	Q16851	
MCRIP1	1	C9JLW8	
GNA11	1	P29992	
TOGARAM2	1	Q6ZUX3	
MAPK1	1	P28482	
MAPK3	1	P27361	
LIMK2	1	P53671	
QPCTL	1	Q9NXS2	
KISS1	1	Q15726	
WEE2	1	P0C1S8	
FCSK	1	Q8N0W3	
ALDH16A1	1	Q8IZ83	
LPIN1	1	Q14693	
UXS1	1	Q8NBZ7	
GHITM	1	Q9H3K2	
MYLK	1	Q15746	
PSMD8	1	P48556	
PSMD9	1	O00233	
PSMD6	1	Q15008	
LSM12	1	Q3MHD2	
AS3MT	1	Q9HBK9	
PSMD7	1	P51665	
PPP4R1	1	Q8TF05	
PSMD4	1	P55036	
PSMD5	1	Q16401	
PSMD2	1	Q13200	
PSMD3	1	O43242	
PSMD1	1	Q99460	
XYLB	1	O75191	
CHID1	1	Q9BWS9	
MRTFB	1	Q9ULH7	
PDZK1	1	Q5T2W1	
HDHD5	1	Q9BXW7	
DICER1	1	Q9UPY3	
HDHD2	1	Q9H0R4	
HDHD3	1	Q9BSH5	
UPB1	1	Q9UBR1	
RUFY1	1	Q96T51	
MYL6	1	P60660	
DDX39B	1	Q13838	
ETHE1	1	O95571	
PSME3	1	P61289	
RUFY3	1	Q7L099	
PSME4	1	Q14997	
UQCRC1	1	P31930	
PSME1	1	Q06323	
PSME2	1	Q9UL46	
UQCRC2	1	P22695	
LETMD1	1	Q6P1Q0	
MYL9	1	P24844	
HPD	1	P32754	
ZNF277	1	Q9NRM2	
ABCB1	1	P08183	
ABCB6	1	Q9NP58	
ABCB4	1	P21439	
FLII	1	Q13045	
MRPL18	1	Q9H0U6	
MRPL19	1	P49406	
MRPL16	1	Q9NX20	
COPS7B	1	Q9H9Q2	
MRPL17	1	Q9NRX2	
MRPL14	1	Q6P1L8	
ABCB8	1	Q9NUT2	
COPS7A	1	Q9UBW8	
IQGAP1	1	P46940	
MRPL15	1	Q9P015	
MRPL12	1	P52815	
IQGAP2	1	Q13576	
NYAP2	1	Q9P242	
MRPL13	1	Q9BYD1	
GIGYF2	1	Q6Y7W6	
MRPL10	1	Q7Z7H8	
MRPL11	1	Q9Y3B7	
HSD11B1	1	P28845	
HPX	1	P02790	
UGT8	1	Q16880	
MRPL20	1	Q9BYC9	
CYB5R1	1	Q9UHQ9	
CYB5R4	1	Q7L1T6	
CYB5R3	1	P00387	
GRPEL1	1	Q9HAV7	
MYO6	1	Q9UM54	
HAO1	1	Q9UJM8	
PSMF1	1	Q92530	
CADM1	1	Q9BY67	
ABCA6	1	Q8N139	
MRPL27	1	Q9P0M9	
TMA7	1	Q9Y2S6	
MRPL28	1	Q13084	
H1-1	1	Q02539	
MRPL23	1	Q16540	
FAM136A	1	Q96C01	
H1-0	1	P07305	
MRPL24	1	Q96A35	
MRPL21	1	Q7Z2W9	
H1-2	1	P16403	
MRPL22	1	Q9NWU5	
H1-5	1	P16401	
H1-4	1	P10412	
BHMT	1	Q93088	
EIF5	1	P55010	
EIF6	1	P56537	
TDP2	1	O95551	
NOSTRIN	1	Q8IVI9	
PSMG3	1	Q9BT73	
PSMG1	1	O95456	
HRG	1	P04196	
AVL9	1	Q8NBF6	
FERMT2	1	Q96AC1	
FERMT3	1	Q86UX7	
PIGS	1	Q96S52	
PIGR	1	P01833	
TUT4	1	Q5TAX3	
MRPL38	1	Q96DV4	
MRPL39	1	Q9NYK5	
EFCAB5	1	A4FU69	
MRPL37	1	Q9BZE1	
LRRC32	1	Q14392	
RCSD1	1	Q6JBY9	
HSPB11	1	Q9Y547	
MRPL41	1	Q8IXM3	
TRMT112	1	Q9UI30	
MRPL40	1	Q9NQ50	
TMEM43	1	Q9BTV4	
SH3BGRL2	1	Q9UJC5	
SH3BGRL3	1	Q9H299	
NELFCD	1	Q8IXH7	
CGNL1	1	Q0VF96	
MYOG	1	P15173	
LRRC47	1	Q8N1G4	
UPF2	1	Q9HAU5	
LYPLA2	1	O95372	
UPF1	1	Q92900	
DFFA	1	O00273	
LYPLA1	1	O75608	
EIPR1	1	Q53HC9	
PGAM1	1	P18669	
MYOF	1	Q9NZM1	
MRPL49	1	Q13405	
LRRC40	1	Q9H9A6	
MRPL47	1	Q9HD33	
MRPL48	1	Q96GC5	
PTGR1	1	Q14914	
MRPL45	1	Q9BRJ2	
PTGR2	1	Q8N8N7	
MRPL46	1	Q9H2W6	
SRP9	1	P49458	
MRPL43	1	Q8N983	
MRPL44	1	Q9H9J2	
PSMA5	1	P28066	
VAMP8	1	Q9BV40	
PSMA6	1	P60900	
MRPL53	1	Q96EL3	
PSMA3	1	P25788	
MRPL50	1	Q8N5N7	
PSMA4	1	P25789	
VAMP7	1	P51809	
PSMA1	1	P25786	
PSMA2	1	P25787	
TMEM33	1	P57088	
PIGK	1	Q92643	
PGAM5	1	Q96HS1	
VAMP5	1	O95183	
ZNF234	1	Q14588	
LYPLAL1	1	Q5VWZ2	
SMTNL1	1	A8MU46	
VAMP3	1	Q15836	
KANK2	1	Q63ZY3	
PELI3	1	Q8N2H9	
SRRT	1	Q9BXP5	
HTT	1	P42858	
MRPL58	1	Q14197	
AXDND1	1	Q5T1B0	
MRPL57	1	Q9BQC6	
PSMA7	1	O14818	
MRPL54	1	Q6P161	
TMEM70	1	Q9BUB7	
PSMB6	1	P28072	
PSMB7	1	Q99436	
PSMB4	1	P28070	
PSMB5	1	P28074	
PSMB2	1	P49721	
TCOF1	1	Q13428	
TMEM65	1	Q6PI78	
PSMB3	1	P49720	
PSMB1	1	P20618	
CLPTM1	1	O96005	
AP2S1	1	P53680	
FLNA	1	P21333	
FLNB	1	O75369	
FLNC	1	Q14315	
CEPT1	1	Q9Y6K0	
RABAC1	1	Q9UI14	
YKT6	1	O15498	
SRSF10	1	O75494	
MEF2D	1	Q14814	
SRSF11	1	Q05519	
TRMT10C	1	Q7L0Y3	
USP9X	1	Q93008	
PSMB8	1	P28062	
PSMB9	1	P28065	
BYSL	1	Q13895	
TMCO1	1	Q9UM00	
LETM1	1	O95202	
FABP1	1	P07148	
FABP3	1	P05413	
PSMC5	1	P62195	
FABP4	1	P15090	
PSMC6	1	P62333	
PSMC3	1	P17980	
FABP5	1	Q01469	
PSMC4	1	P43686	
PSMC1	1	P62191	
PSMC2	1	P35998	
GOPC	1	Q9HD26	
ZNF211	1	Q13398	
NCF2	1	P19878	
NCF4	1	Q15080	
F13A1	1	P00488	
SAT2	1	Q96F10	
EIF4ENIF1	1	Q9NRA8	
RUVBL2	1	Q9Y230	
RUVBL1	1	Q9Y265	
ZNF207	1	O43670	
PIM1	1	P11309	
MTREX	1	P42285	
ROS1	1	P08922	
AP2M1	1	Q96CW1	
SH3GLB1	1	Q9Y371	
SH3GLB2	1	Q9NR46	
PIPOX	1	Q9P0Z9	
OLFM4	1	Q6UX06	
FTSJ3	1	Q8IY81	
TXLNA	1	P40222	
TXLNB	1	Q8N3L3	
HAT1	1	O14929	
MAPKAPK2	1	P49137	
MRTO4	1	Q9UKD2	
S100A6	1	P06703	
S100A4	1	P26447	
SNRNP200	1	O75643	
S100A9	1	P06702	
SQSTM1	1	Q13501	
S100A8	1	P05109	
LRRC59	1	Q96AG4	
CTIF	1	O43310	
ATXN3	1	P54252	
THEM6	1	Q8WUY1	
SLC38A3	1	Q99624	
ZBTB14	1	O43829	
GOT1	1	P17174	
RBPMS	1	Q93062	
GOT2	1	P00505	
ZBTB12	1	Q9Y330	
NFKB1	1	P19838	
QKI	1	Q96PU8	
NFKB2	1	Q00653	
GGCT	1	O75223	
PTPRE	1	P23469	
MLXIPL	1	Q9NP71	
PTPRC	1	P08575	
GGCX	1	P38435	
PTPRA	1	P18433	
PIN1	1	Q13526	
PIN4	1	Q9Y237	
SLC25A1	1	P53007	
SLC25A3	1	Q00325	
HSP90AB1	1	P08238	
ARRB1	1	P49407	
ARRB2	1	P32121	
NADK2	1	Q4G0N4	
FUNDC2	1	Q9BWH2	
FCGR3A	1	P08637	
PRB2	1	P02812	
HMG20B	1	Q9P0W2	
DNM1L	1	O00429	
C9orf64	1	Q5T6V5	
CTNNBL1	1	Q8WYA6	
PELP1	1	Q8IZL8	
HSP90AA1	1	P07900	
VBP1	1	P61758	
SIGMAR1	1	Q99720	
NDUFC2	1	O95298	
DDOST	1	P39656	
PPM1A	1	P35813	
PPM1B	1	O75688	
HAX1	1	O00165	
BIRC6	1	Q9NR09	
SEC22B	1	O75396	
SLC25A5	1	P05141	
SLC25A4	1	P12235	
BIRC2	1	Q13490	
SLC25A6	1	P12236	
ITIH4	1	Q14624	
NDUFB9	1	Q9Y6M9	
NDUFB8	1	O95169	
ITIH3	1	Q06033	
SEC23A	1	Q15436	
GTF3C3	1	Q9Y5Q9	
ITIH2	1	P19823	
NDUFB6	1	O95139	
GTF3C5	1	Q9Y5Q8	
NDUFB5	1	O43674	
NDUFB4	1	O95168	
NDUFB3	1	O43676	
USH1C	1	Q9Y6N9	
NDUFB1	1	O75438	
AFG1L	1	Q8WV93	
PRCP	1	P42785	
ITIH1	1	P19827	
PPM1F	1	P49593	
PPM1G	1	O15355	
GANAB	1	Q14697	
KIAA1328	1	Q86T90	
NCLN	1	Q969V3	
FCHO1	1	O14526	
IFI16	1	Q16666	
FCHO2	1	Q0JRZ9	
SAP18	1	O00422	
SH3BP4	1	Q9P0V3	
D2HGDH	1	Q8N465	
IARS2	1	Q9NSE4	
IARS1	1	P41252	
SEC23B	1	Q15437	
CYB5B	1	O43169	
SLC12A2	1	P55011	
NDUFA9	1	Q16795	
CYB5A	1	P00167	
PTPN1	1	P18031	
NDUFA8	1	P51970	
NDUFA7	1	O95182	
SEC24B	1	O95487	
ANHX	1	E9PGG2	
SEC24A	1	O95486	
NDUFA6	1	P56556	
NDUFA5	1	Q16718	
ERAP2	1	Q6P179	
NDUFA4	1	O00483	
MBOAT7	1	Q96N66	
NDUFA2	1	O43678	
ERAP1	1	Q9NZ08	
HIP1R	1	O75146	
IMMT	1	Q16891	
RPL23A	1	P62750	
TPD52L1	1	Q16890	
TPD52L2	1	O43399	
ATOX1	1	O00244	
PRC1	1	O43663	
DOP1B	1	Q9Y3R5	
PTPN6	1	P29350	
SEC24D	1	O94855	
PTPN4	1	P29074	
SMAP2	1	Q8WU79	
ALDH8A1	1	Q9H2A2	
SEC24C	1	P53992	
SMAP1	1	Q8IYB5	
JPT1	1	Q9UK76	
CCNK	1	O75909	
AHCYL1	1	O43865	
TMEM41B	1	Q5BJD5	
JPT2	1	Q9H910	
PREP	1	P48147	
JMJD1C	1	Q15652	
THUMPD3	1	Q9BV44	
IFI35	1	P80217	
SPATA20	1	Q8TB22	
THUMPD1	1	Q9NXG2	
IFI30	1	P13284	
CCAR2	1	Q8N163	
CCAR1	1	Q8IX12	
KIF21B	1	O75037	
SEC62	1	Q99442	
TMPO	2	P42167:P42166	
SLC12A9	1	Q9BXP2	
SEC63	1	Q9UGP8	
ST6GAL1	1	P15907	
SFMBT1	1	Q9UHJ3	
IMP4	1	Q96G21	
ANK1	1	P16157	
PPP1R3G	1	B7ZBB8	
SHTN1	1	A0MZ66	
LACTB2	1	Q53H82	
CD2BP2	1	O95400	
ALPK3	1	Q96L96	
PREB	1	Q9HCU5	
SPATA18	1	Q8TC71	
CTR9	1	Q6PD62	
BRCC3	1	P46736	
ZMPSTE24	1	O75844	
TGOLN2	1	O43493	
TSPAN8	1	P19075	
ANKH	1	Q9HCJ1	
ERI1	1	Q8IV48	
PPP1R2C	1	O14990	
ERI3	1	O43414	
HIVEP1	1	P15822	
SYMPK	1	Q92797	
CD14	1	P08571	
A2M	1	P01023	
SCN3A	1	Q9NY46	
SEC31A	1	O94979	
CTSA	1	P10619	
XRCC6	1	P12956	
SURF1	1	Q15526	
XRCC5	1	P13010	
IQSEC1	1	Q6DN90	
PPP1R21	1	Q6ZMI0	
ADHFE1	1	Q8IWW8	
SURF4	1	O15260	
XRCC1	1	P18887	
PRG4	1	Q92954	
ERAL1	1	O75616	
PAICS	1	P22234	
ARMC10	1	Q8N2F6	
WNK1	1	Q9H4A3	
RPL27A	1	P46776	
PAF1	1	Q8N7H5	
DERPC	1	P0CG12	
INTS11	1	Q5TA45	
INTS13	1	Q9NVM9	
GPAA1	1	O43292	
TECR	1	Q9NZ01	
CTSZ	1	Q9UBR2	
AKR1B1	1	P15121	
MIA2	1	Q96PC5	
AP2A1	1	O95782	
PTPRJ	1	Q12913	
MIA3	1	Q5JRA6	
IDE	1	P14735	
KIF11	1	P52732	
PTPRK	1	Q15262	
AP2A2	1	O94973	
PPP1R18	1	Q6NYC8	
PTPRF	1	P10586	
CTSS	1	P25774	
BABAM1	1	Q9NWV8	
BABAM2	1	Q9NXR7	
SPTLC1	1	O15269	
HNF4A	1	P41235	
CTSH	1	P09668	
KIF1B	1	O60333	
CTSG	1	P08311	
CD36	1	P16671	
CTSD	1	P07339	
LMCD1	1	Q9NZU5	
CTSC	1	P53634	
CTSB	1	P07858	
CCT3	1	P49368	
CCT2	1	P78371	
GRIPAP1	1	Q4V328	
SEC13	1	P55735	
ZFR	1	Q96KR1	
AKR1A1	1	P14550	
ANO6	1	Q4KMQ2	
HBA1	1	P69905	
C5orf51	1	A6NDU8	
KIF2A	1	O00139	
CTTN	1	Q14247	
MZB1	1	Q8WU39	
CD47	1	Q08722	
CD46	1	P15529	
CD44	1	P16070	
CD63	1	P08962	
STX12	1	Q86Y82	
STX17	1	P56962	
STX16	1	O14662	
INPP1	1	P49441	
AKR1D1	1	P51857	
STX18	1	Q9P2W9	
DERL1	1	Q9BUN8	
PRKX	1	P51817	
FUOM	1	A2VDF0	
RXRB	1	P28702	
EXOSC6	1	Q5RKV6	
PAK1	1	Q13153	
EXOSC4	1	Q9NPD3	
CREG1	1	O75629	
EXOSC9	1	Q06265	
HSF1	1	Q00613	
DGLUCY	1	Q7Z3D6	
EXOSC8	1	Q96B26	
GPC3	1	P51654	
MARCHF8	1	Q5T0T0	
CD59	1	P13987	
CD58	1	P19256	
CCT8	1	P50990	
CCT7	1	Q99832	
PAK2	1	Q13177	
EXOSC2	1	Q13868	
GPC6	1	Q9Y625	
CCT5	1	P48643	
LNPK	1	Q9C0E8	
AASDHPPT	1	Q9NRN7	
CCT4	1	P50991	
TSNAX	1	Q99598	
CD74	1	P04233	
RFTN1	1	Q14699	
RPA1	1	P27694	
AKR1C3	1	P42330	
TMUB1	1	Q9BVT8	
PLEKHA5	1	Q9HAU0	
RPA2	1	P15927	
AKR1C2	1	P52895	
PLEKHA6	1	Q9Y2H5	
AKR1C4	1	P17516	
AP2B1	1	P63010	
PLEKHA7	1	Q6IQ23	
NLE1	1	Q9NVX2	
NLRP13	1	Q86W25	
GPAM	1	Q9HCL2	
RPA3	1	P35244	
SCARB2	1	Q14108	
FHOD3	1	Q2V2M9	
SCARB1	1	Q8WTV0	
CD81	1	P60033	
GIMAP1	1	Q8WWP7	
GIMAP4	1	Q9NUV9	
GIMAP5	1	Q96F15	
PPME1	1	Q9Y570	
KIF5B	1	P33176	
KHSRP	1	Q92945	
PALM	1	O75781	
OSTF1	1	Q92882	
BAHCC1	1	Q9P281	
SLC30A7	1	Q8NEW0	
G6PD	1	P11413	
G6PC	1	P35575	
ZGPAT	1	Q8N5A5	
SLC30A5	1	Q8TAD4	
ATG9A	1	Q7Z3C6	
SLC30A1	1	Q9Y6M5	
MAT1A	1	Q00266	
ATAD3B	1	Q5T9A4	
ATAD3A	1	Q9NVI7	
TMX4	1	Q9H1E5	
TMX3	1	Q96JJ7	
HNRNPUL1	1	Q9BUJ2	
HNRNPUL2	1	Q1KMD3	
TMX1	1	Q9H3N1	
GPD2	1	P43304	
GPD1	1	P21695	
SBDS	1	Q9Y3A5	
GEMIN5	1	Q8TEQ6	
PSMD10	1	O75832	
PSMD12	1	O00232	
PSMD11	1	O00231	
TMED10	1	P49755	
PSMD14	1	O00487	
PSMD13	1	Q9UNM6	
SEL1L	1	Q9UBV2	
SLC1A2	1	P43004	
TOR1AIP2	1	Q8NFQ8	
SLC1A5	1	Q15758	
PDS5B	1	Q9NTI5	
PDS5A	1	Q29RF7	
RPF2	1	Q9H7B2	
FUT1	1	P19526	
SUPT6H	1	Q7KZ85	
TOR1AIP1	1	Q5JTV8	
SPTA1	1	P02549	
CALHM2	1	Q9HA72	
KIF3B	1	O15066	
CALD1	1	Q05682	
ISOC1	1	Q96CN7	
PACSIN2	1	Q9UNF0	
KIF3C	1	O14782	
NDUFV3	1	P56181	
NDUFV2	1	P19404	
NDUFV1	1	P49821	
CD99	1	P14209	
ISOC2	1	Q96AB3	
GGT5	1	P36269	
NIBAN1	1	Q9BZQ8	
FDPS	1	P14324	
ITPRID2	1	P28290	
NIBAN2	1	Q96TA1	
HBG2	1	P69892	
HBG1	1	P69891	
PHF12	1	Q96QT6	
VTA1	1	Q9NP79	
ISG15	1	P05161	
SUPT5H	1	O00267	
CYRIB	1	Q9NUQ9	
SSH3	1	Q8TE77	
INHBE	1	P58166	
QDPR	1	P09417	
ISG20	1	Q96AZ6	
AFDN	1	P55196	
PROC	1	P04070	
COL5A1	1	P20908	
FMC1	1	Q96HJ9	
IGKV3-20	1	P01619	
PICALM	1	Q13492	
GSK3B	1	P49841	
SNED1	1	Q8TER0	
GSK3A	1	P49840	
DDX3X	1	O00571	
MAST4	1	O15021	
DDX46	1	Q7L014	
PRKCSH	1	P14314	
DDX47	1	Q9H0S4	
DDX42	1	Q86XP3	
ACSM2A	1	Q08AH3	
ILK	1	Q13418	
ARHGEF10L	1	Q9HCE6	
DDX41	1	Q9UJV9	
ACSM2B	1	Q68CK6	
GPHN	1	Q9NQX3	
SEPTIN11	1	Q9NVA2	
SEPTIN10	1	Q9P0V9	
CALB1	1	P05937	
NUP62	1	P37198	
MLST8	1	Q9BVC4	
BUD23	1	O43709	
CNPPD1	1	Q9BV87	
HSDL2	1	Q6YN16	
HSDL1	1	Q3SXM5	
NCBP1	1	Q09161	
DDX58	1	O95786	
NCBP2	1	P52298	
BUD31	1	P41223	
DDX56	1	Q9NY93	
DDX54	1	Q8TDD1	
DDX50	1	Q9BQ39	
VCAN	1	P13611	
NDUFS8	1	O00217	
CREB1	1	P16220	
NDUFS7	1	O75251	
NDUFS6	1	O75380	
NDUFS5	1	O43920	
PPDPF	1	Q9H3Y8	
NUP50	1	Q9UKX7	
NDUFS4	1	O43181	
NDUFS3	1	O75489	
NDUFS2	1	O75306	
ATG4B	1	Q9Y4P1	
NDUFS1	1	P28331	
NCBP3	1	Q53F19	
NUP54	1	Q7Z3B4	
DCTN5	1	Q9BTE1	
DDX27	1	Q96GQ7	
DCTN2	1	Q13561	
DCTN1	1	Q14203	
DCTN4	1	Q9UJW0	
DCTN3	1	O75935	
DDX23	1	Q9BUQ8	
DDX21	1	Q9NR30	
MAT2B	1	Q9NZL9	
SAMHD1	1	Q9Y3Z3	
PDLIM1	1	O00151	
ERLEC1	1	Q96DZ1	
PDLIM3	1	Q53GG5	
PDLIM2	1	Q96JY6	
MAT2A	1	P31153	
CLMN	1	Q96JQ2	
NUP43	1	Q8NFH3	
PDLIM5	1	Q96HC4	
PDLIM7	1	Q9NR12	
GALNT2	1	Q10471	
GALNT1	1	Q10472	
PDAP1	1	Q13442	
MAPK14	1	Q16539	
U2SURP	1	O15042	
MAPK13	1	O15264	
RPIA	1	P49247	
LNX1	1	Q8TBB1	
NUP35	1	Q8NFH5	
S100P	1	P25815	
RAN	1	P62826	
FAM50A	1	Q14320	
NUP37	1	Q8NFH4	
RPL4	1	P36578	
ZNF177	1	Q13360	
CYFIP2	1	Q96F07	
RPL5	1	P46777	
CYFIP1	1	Q7L576	
RPL3	1	P39023	
CLPB	1	Q9H078	
SERPINE1	1	P05121	
COL12A1	1	Q99715	
STMN2	1	Q93045	
STMN3	1	Q9NZ72	
RPL8	1	P62917	
RPL9	1	P32969	
RPL6	1	Q02878	
RPL7	1	P18124	
PCMT1	1	P22061	
STMN1	1	P16949	
FDXR	1	P22570	
IER5	1	Q5VY09	
EARS2	1	Q5JPH6	
CUBN	1	O60494	
ZNF165	1	P49910	
ACOT9	1	Q9Y305	
ACOT8	1	O14734	
ACOT7	1	O00154	
SERPINF1	1	P36955	
SERPINF2	1	P08697	
LGALS16	1	A8MUM7	
HOGA1	1	Q86XE5	
CLPX	1	O76031	
KIAA1217	1	Q5T5P2	
DYNC1LI1	1	Q9Y6G9	
DYNC1LI2	1	O43237	
BIN2	1	Q9UBW5	
BIN1	1	O00499	
CLPP	1	Q16740	
FDX1	1	P10109	
ACOT2	1	P49753	
SERPING1	1	P05155	
ACOT1	1	Q86TX2	
YME1L1	1	Q96TA2	
HPRT1	1	P00492	
ACOT6	1	Q3I5F7	
ACOT4	1	Q8N9L9	
ENPEP	1	Q07075	
RPN2	1	P04844	
HSPA4L	1	O95757	
RPN1	1	P04843	
NOLC1	1	Q14978	
SNU13	1	P55769	
RIC8A	1	Q9NPQ8	
PPP3R1	1	P63098	
RIC8B	1	Q9NVN3	
S100A16	1	Q96FQ6	
RAD21	1	O60216	
SERPINH1	1	P50454	
S100A13	1	Q99584	
SSR1	1	P43307	
S100A12	1	P80511	
ZNF148	1	Q9UQR1	
KIAA0319L	1	Q8IZA0	
C4orf54	1	D6RIA3	
ELANE	1	P08246	
S100A11	1	P31949	
S100A10	1	P60903	
ZNF142	1	P52746	
RDX	1	P35241	
UPF3B	1	Q9BZI7	
MTHFS	1	P49914	
GPN1	1	Q9HCN4	
GLUD1	1	P00367	
GLUD2	1	P49448	
NPLOC4	1	Q8TAT6	
OGDH	1	Q02218	
ADA	1	P00813	
RAD18	1	Q9NS91	
PRR35	1	P0CG20	
OGFR	1	Q9NZT2	
SERPINA3	1	P01011	
SERPINA1	1	P01009	
TINAGL1	1	Q9GZM7	
CLTC	1	Q00610	
CLTB	1	P09497	
ADK	1	P55263	
SRP54	1	P61011	
LPCAT1	1	Q8NF37	
CLTA	1	P09496	
TCF20	1	Q9UGU0	
CLINT1	1	Q14677	
SERPINA4	1	P29622	
SERPINA5	1	P05154	
C11orf98	1	E9PRG8	
MRC2	1	Q9UBG0	
DSTYK	1	Q6XUX3	
CSRP2	1	Q16527	
CSRP1	1	P21291	
PAXX	1	Q9BUH6	
MRC1	1	P22897	
ANXA6	1	P08133	
RACK1	1	P63244	
SPIN1	1	Q9Y657	
ANXA7	1	P20073	
TNKS1BP1	1	Q9C0C2	
ANXA9	1	O76027	
AP3S1	1	Q92572	
TIGD1	1	Q96MW7	
SERPINB1	1	P30740	
CNTD1	1	Q8N815	
NUDC	1	Q9Y266	
CLUH	1	O75153	
ANXA1	1	P04083	
ANXA2	1	P07355	
SSR4	1	P51571	
HSBP1	1	O75506	
ANXA3	1	P12429	
ANXA4	1	P09525	
ANXA5	1	P08758	
ITPK1	1	Q13572	
SSR3	1	Q9UNL2	
PAWR	1	Q96IZ0	
SERPINB9	1	P50453	
TIMM22	1	Q9Y584	
BAAT	1	Q14032	
SERPINB8	1	P50452	
SERPINB6	1	P35237	
INF2	1	Q27J81	
C17orf49	1	Q8IXM2	
IVD	1	P26440	
RGN	1	Q15493	
HCLS1	1	P14317	
SF3B4	1	Q15427	
SF3B2	1	Q13435	
CCL11	1	P51671	
SF3B3	1	Q15393	
CTDP1	1	Q9Y5B0	
AHNAK	1	Q09666	
SERPINC1	1	P01008	
GPS1	1	Q13098	
SF3B6	1	Q9Y3B4	
AFM	1	P43652	
TIMM13	1	Q9Y5L4	
AFP	1	P02771	
HSPA14	1	Q0VDF9	
HSPA13	1	P48723	
C11orf68	1	Q9H3H3	
TM9SF4	1	Q92544	
ECPAS	1	Q5VYK3	
TM9SF3	1	Q9HD45	
LMAN1	1	P49257	
BCLAF1	1	Q9NYF8	
SRP72	1	O76094	
C17orf75	1	Q9HAS0	
LMAN2	1	Q12907	
RPS3	1	P23396	
METTL7B	1	Q6UX53	
RPS2	1	P15880	
AGA	1	P20933	
METTL7A	1	Q9H8H3	
SF3B1	1	O75533	
SF3A3	1	Q12874	
AOC3	1	Q16853	
WWOX	1	Q9NZC7	
SF3A1	1	Q15459	
TIGAR	1	Q9NQ88	
SF3A2	1	Q15428	
SERPIND1	1	P05546	
BRF1	1	Q92994	
SEPTIN2	1	Q15019	
AGK	1	Q53H12	
AGL	1	P35573	
SEPTIN5	1	Q99719	
FMO1	1	Q01740	
SEPTIN6	1	Q14141	
GTF2H1	1	P32780	
SEPTIN3	1	Q9UH03	
FMO3	1	P31513	
SRP68	1	Q9UHB9	
C11orf58	1	O00193	
FMO4	1	P31512	
SEPTIN9	1	Q9UHD8	
FMO5	1	P49326	
AGT	1	P01019	
SEPTIN7	1	Q16181	
KTN1	1	Q86UP2	
SEPTIN8	1	Q92599	
TM9SF2	1	Q99805	
TM9SF1	1	O15321	
XAB2	1	Q9HCS7	
STING1	1	Q86WV6	
LPCAT3	1	Q6P1A2	
ZYX	1	Q15942	
FMOD	1	Q06828	
GHDC	1	Q8N2G8	
DGKE	1	P52429	
PUS10	1	Q3MIT2	
TOR2A	1	Q5JU69	
FMR1	1	Q06787	
CTNND1	1	O60716	
BZW2	1	Q9Y6E2	
BZW1	1	Q7L1Q6	
TUBB8	1	Q3ZCM7	
C11orf54	1	Q9H0W9	
PYCARD	1	Q9ULZ3	
TUBB6	1	Q9BUF5	
ABHD10	1	Q9NUJ1	
CDH3	1	P22223	
ABHD11	1	Q8NFV4	
CDH2	1	P19022	
APMAP	1	Q9HDC9	
CDH1	1	P12830	
TUBB3	1	Q13509	
GYG1	1	P46976	
TPD52	1	P55327	
SEMA6C	1	Q9H3T2	
RPS9	1	P46781	
RPS7	1	P62081	
RPS8	1	P62241	
RPS5	1	P46782	
RPS6	1	P62753	
AIP	1	O00170	
RPSA	1	P08865	
GTF2F2	1	P13984	
ARMCX3	1	Q9UH62	
CUL9	1	Q8IWT3	
DNMT1	1	P26358	
FECH	1	P22830	
CUL5	1	Q93034	
CUL3	1	Q13618	
HVCN1	1	Q96D96	
AK1	1	P00568	
CUL2	1	Q13617	
AK2	1	P54819	
CUL1	1	Q13616	
ITPR2	1	Q14571	
MRI1	1	Q9BV20	
AK3	1	Q9UIJ7	
AK4	1	P27144	
ITPR3	1	Q14573	
KLC1	1	Q07866	
AK6	1	Q9Y3D8	
GTF2E1	1	P29083	
RLF	1	Q13129	
BAG6	1	P46379	
KLC4	1	Q9NSK0	
BAG2	1	O95816	
PITRM1	1	Q5JRX3	
BAG3	1	O95817	
PSAP	1	P07602	
BAG1	1	Q99933	
SAFB2	1	Q14151	
IGFBP7	1	Q16270	
SKIL	1	P12757	
MPDU1	1	O75352	
FN3K	1	Q9H479	
TOR1A	1	O14656	
WFS1	1	O76024	
TOR1B	1	O14657	
ZZEF1	1	O43149	
CDK9	1	P50750	
NSFL1C	1	Q9UNZ2	
GON4L	1	Q3T8J9	
SCCPDH	1	Q8NBX0	
CDK5	1	Q00535	
RHEB	1	Q15382	
CDK2	1	P24941	
CDK1	1	P06493	
DHCR7	1	Q9UBM7	
RAD9A	1	Q99638	
SRXN1	1	Q9BYN0	
SYCP1	1	Q15431	
TRADD	1	Q15628	
BRK1	1	Q8WUW1	
PTPN23	1	Q9H3S7	
MAIP1	1	Q8WWC4	
DUSP16	1	Q9BY84	
DUSP14	1	O95147	
DUSP11	1	O75319	
SCPEP1	1	Q9HB40	
OPA1	1	O60313	
SIN3A	1	Q96ST3	
EFHD2	1	Q96C19	
C4orf36	1	Q96KX1	
SLC37A4	1	O43826	
SH3D19	1	Q5HYK7	
GPX2	1	P18283	
GPX1	1	P07203	
GPX4	1	P36969	
DTX3L	1	Q8TDB6	
GPX3	1	P22352	
ELAC2	1	Q9BQ52	
GPX5	1	O75715	
AMT	1	P48728	
FAM90A9P	1	A6NNJ1	
PLPBP	1	O94903	
ASMTL	1	O95671	
GPX7	1	Q96SL4	
REXO2	1	Q9Y3B8	
NIPSNAP1	1	Q9BPW8	
NIPSNAP2	1	O75323	
REXO5	1	Q96IC2	
DUSP23	1	Q9BVJ7	
METTL25	1	Q8N6Q8	
RP2	1	O75695	
NUMB	1	P49757	
TRABD	1	Q9H4I3	
GTF2A2	1	P52657	
PRR5L	1	Q6MZQ0	
LAGE3	1	Q14657	
MRM3	1	Q9HC36	
AP3M1	1	Q9Y2T2	
RSBN1L	1	Q6PCB5	
MAL2	1	Q969L2	
DCAF11	1	Q8TEB1	
FNIP2	1	Q9P278	
SPAG9	1	O60271	
ADRM1	1	Q16186	
RPL35A	1	P18077	
PTPN11	1	Q06124	
CDC42BPB	1	Q9Y5S2	
OXR1	1	Q8N573	
RAD50	1	Q92878	
IMPDH2	1	P12268	
CROCC	1	Q5TZA2	
SLC24A5	1	Q71RS6	
CMAS	1	Q8NFW8	
TP53RK	1	Q96S44	
CCT6B	1	Q92526	
IGLV2-8	1	P01709	
B2M	1	P61769	
TNS3	1	Q68CZ2	
SKP1	1	P63208	
TNS1	1	Q9HBL0	
AQR	1	O60306	
BROX	1	Q5VW32	
CMC2	1	Q9NRP2	
SACM1L	1	Q9NTJ5	
OXSM	1	Q9NWU1	
BOLA1	1	Q9Y3E2	
CMBL	1	Q96DG6	
MARF1	1	Q9Y4F3	
XRN1	1	Q8IZH2	
GRWD1	1	Q9BQ67	
XRN2	1	Q9H0D6	
BOLA2	1	Q9H3K6	
TFAM	1	Q00059	
ALDH7A1	1	P49419	
TELO2	1	Q9Y4R8	
CUTA	1	O60888	
IGSF8	1	Q969P0	
MAOB	1	P27338	
ANP32A	1	P39687	
MAOA	1	P21397	
TEX264	1	Q9Y6I9	
MGST3	1	O14880	
MGST1	1	P10620	
TWF2	1	Q6IBS0	
TMTC3	1	Q6ZXV5	
TWF1	1	Q12792	
MGST2	1	Q99735	
NMD3	1	Q96D46	
PTDSS2	1	Q9BVG9	
SGPL1	1	O95470	
PRRC1	1	Q96M27	
INPP5F	1	Q9Y2H2	
MAP2	1	P11137	
DPH1	1	Q9BZG8	
INPP5D	1	Q92835	
CMYA5	1	Q8N3K9	
MAP7	1	Q14244	
ASL	1	P04424	
MAP4	1	P27816	
SRPK2	1	P78362	
TRAP1	1	Q12931	
INSR	1	P06213	
MEMO1	1	Q9Y316	
STAM	1	Q92783	
MANF	1	P55145	
SRPK1	1	Q96SB4	
CCT6A	1	P40227	
AKR1B10	1	O60218	
STAR	1	P49675	
ANP32E	1	Q9BTT0	
SPRTN	1	Q9H040	
SPATS2L	1	Q9NUQ6	
TMCC3	1	Q9ULS5	
ATM	1	Q13315	
ANP32B	1	Q92688	
CUTC	1	Q9NTM9	
CDS2	1	O95674	
HBS1L	1	Q9Y450	
FEN1	1	P39748	
DAZAP1	1	Q96EP5	
ADIRF	1	Q15847	
HCCS	1	P53701	
JCHAIN	1	P01591	
GYS2	1	P54840	
GYS1	1	P13807	
UCHL1	1	P09936	
HINT1	1	P49773	
HINT2	1	Q9BX68	
QARS1	1	P47897	
AUH	1	Q13825	
NKIRAS2	1	Q9NYR9	
KIF13B	1	Q9NQT8	
CDV3	1	Q9UKY7	
NME2	1	P22392	
RHOG	1	P84095	
NME3	1	Q13232	
AP3B1	1	O00203	
RHOC	1	P08134	
UCHL3	1	P15374	
RHOA	1	P61586	
UCHL5	1	Q9Y5K5	
NME1	1	P15531	
CEACAM1	1	P13688	
CEACAM6	1	P40199	
RBM12B	1	Q8IXT5	
CEACAM8	1	P31997	
MAPRE1	1	Q15691	
MAPRE2	1	Q15555	
TNXB	1	P22105	
PRIM1	1	P49642	
RASIP1	1	Q5U651	
PBLD	1	P30039	
ATP5F1A	1	P25705	
RBM15B	1	Q8NDT2	
ATP5F1B	1	P06576	
CTNNA1	1	P35221	
CTNNA2	1	P26232	
RANBP2	1	P49792	
RANBP1	1	P43487	
RANBP3	1	Q9H6Z4	
AP3D1	1	O14617	
ERBIN	1	Q96RT1	
RANBP9	1	Q96S59	
ATP5F1C	1	P36542	
ATP5F1D	1	P30049	
ETNPPL	1	Q8TBG4	
RSL1D1	1	O76021	
CTNNB1	1	P35222	
RAB3GAP2	1	Q9H2M9	
CAMK1	1	Q14012	
RAB3GAP1	1	Q15042	
WASHC4	1	Q2M389	
WASHC5	1	Q12768	
STEAP3	1	Q658P3	
ARHGAP35	1	Q9NRY4	
EFTUD2	1	Q15029	
SYDE2	1	Q5VT97	
BASP1	1	P80723	
KNTC1	1	P50748	
PSPH	1	P78330	
PDIA3	1	P30101	
PPP4R3A	1	Q6IN85	
PPP4R3B	1	Q5MIZ7	
PDIA6	1	Q15084	
PDIA5	1	Q14554	
PDIA4	1	P13667	
ARHGAP45	1	Q92619	
DPM1	1	O60762	
SELENOO	1	Q9BVL4	
OXA1L	1	Q15070	
DPM3	1	Q9P2X0	
COL4A2	1	P08572	
COL4A1	1	P02462	
TIPRL	1	O75663	
CMPK1	1	P30085	
CMPK2	1	Q5EBM0	
HDGFL2	1	Q7Z4V5	
C5AR1	1	P21730	
BTF3L4	1	Q96K17	
ARHGAP18	1	Q8N392	
ARHGAP17	1	Q68EM7	
STK4	1	Q13043	
STK3	1	Q13188	
DPP3	1	Q9NY33	
PALM2AKAP2	1	Q9Y2D5	
DPP4	1	P27487	
DPP7	1	Q9UHL4	
MAN2A1	1	Q16706	
DPP9	1	Q86TI2	
MYH14	1	Q7Z406	
MYH11	1	P35749	
DMAP1	1	Q9NPF5	
MARK4	1	Q96L34	
MYH10	1	P35580	
ASPSCR1	1	Q9BZE9	
ARHGAP28	1	Q9P2N2	
ARHGAP25	1	P42331	
MAVS	1	Q7Z434	
RALYL	1	Q86SE5	
TP53I3	1	Q53FA7	
SRPRA	1	P08240	
SRPRB	1	Q9Y5M8	
MAN2B1	1	O00754	
B4GALT1	1	P15291	
ABCD3	1	P28288	
SLC2A1	1	P11166	
SLC2A2	1	P11168	
USP39	1	Q53GS9	
OR6Q1	1	Q8NGQ2	
HEBP1	1	Q9NRV9	
GMPPB	1	Q9Y5P6	
HEBP2	1	Q9Y5Z4	
GMPPA	1	Q96IJ6	
AOX1	1	Q06278	
MAN2C1	1	Q9NTJ4	
ABCD1	1	P33897	
ABCC3	1	O15438	
USP47	1	Q96K76	
PTGIS	1	Q16647	
ABCC2	1	Q92887	
PCDHGA4	1	Q9Y5G9	
AQP12A	1	Q8IXF9	
ABCC6	1	O95255	
MARS1	1	P56192	
ABCC9	1	O60706	
ARAP1	1	Q96P48	
CKAP5	1	Q14008	
CKAP4	1	Q07065	
TGFBR2	1	P37173	
DDX19A	1	Q9NUU7	
HKDC1	1	Q2TB90	
B4GALT5	1	O43286	
USP14	1	P54578	
SLFN5	1	Q08AF3	
CAMK2D	1	Q13557	
USP15	1	Q9Y4E8	
USP10	1	Q14694	
USP11	1	P51784	
GMPR2	1	Q9P2T1	
MOSPD2	1	Q8NHP6	
SELENOF	1	O60613	
TFPI	1	P10646	
IWS1	1	Q96ST2	
SELENOH	1	Q8IZQ5	
NT5DC1	1	Q5TFE4	
STOM	1	P27105	
BPNT2	1	Q9NX62	
BPNT1	1	O95861	
S1PR3	1	Q6ZRZ4	
ABCF2	1	Q9UG63	
ABCF3	1	Q9NUQ8	
ABCF1	1	Q8NE71	
IGBP1	1	P78318	
USP24	1	Q9UPU5	
ZNF185	1	O15231	
USP20	1	Q9Y2K6	
B3GAT3	1	O94766	
PRAF2	1	O60831	
NAP1L1	1	P55209	
NAP1L4	1	Q99733	
FMNL1	1	O95466	
GNPDA1	1	P46926	
XPNPEP1	1	Q9NQW7	
SCD	1	O00767	
XPNPEP2	1	O43895	
XPNPEP3	1	Q9NQH7	
ALOX5AP	1	P20292	
BAX	1	Q07812	
SSBP1	1	Q04837	
SCLY	1	Q96I15	
ABCE1	1	P61221	
ZPR1	1	O75312	
